,pdb_id,EC
0,1a05,1
1,1a65,1
2,1aa4,1
3,1ads,1
4,1aek,1
5,1afs,1
6,1ahv,1
7,1amo,1
8,1aoz,1
9,1arv,1
10,1asq,1
11,1az1,1
12,1b2l,1
13,1b5q,1
14,1b8v,1
15,1bem,1
16,1bgp,1
17,1bkj,1
18,1brl,1
19,1bt8,1
20,1bwc,1
21,1bzl,1
22,1c4a,1
23,1cc2,1
24,1cck,1
25,1cf9,1
26,1cl0,1
27,1cne,1
28,1cpf,1
29,1cw3,1
30,1cyx,1
31,1d1y,1
32,1d4e,1
33,1d7l,1
34,1dc5,1
35,1ddx,1
36,1dg7,1
37,1dhr,1
38,1dj1,1
39,1dlq,1
40,1dmk,1
41,1dob,1
42,1dq8,1
43,1dr5,1
44,1dru,1
45,1dsp,1
46,1dxo,1
47,1dz6,1
48,1e1m,1
49,1e3t,1
50,1e60,1
51,1e7p,1
52,1e93,1
53,1ebu,1
54,1ef3,1
55,1ehg,1
56,1el5,1
57,1eno,1
58,1ep2,1
59,1et7,1
60,1evz,1
61,1f07,1
62,1f1r,1
63,1f3c,1
64,1f8s,1
65,1fdr,1
66,1feh,1
67,1fgr,1
68,1fmc,1
69,1fop,1
70,1fs8,1
71,1fz2,1
72,1g0n,1
73,1g72,1
74,1gaq,1
75,1gee,1
76,1gfs,1
77,1gjr,1
78,1go2,1
79,1gpd,1
80,1grb,1
81,1gs8,1
82,1guy,1
83,1gw2,1
84,1gy9,1
85,1gzb,1
86,1h2h,1
87,1h42,1
88,1h5e,1
89,1h5q,1
90,1h78,1
91,1h84,1
92,1hau,1
93,1hdc,1
94,1he5,1
95,1hj3,1
96,1hl5,1
97,1hsr,1
98,1hw8,1
99,1hyg,1
100,1i0z,1
101,1i9d,1
102,1ibf,1
103,1idq,1
104,1ik3,1
105,1ipf,1
106,1iso,1
107,1ivh,1
108,1ix9,1
109,1j0x,1
110,1j8u,1
111,1jax,1
112,1jez,1
113,1jju,1
114,1jnr,1
115,1jq4,1
116,1jr8,1
117,1jry,1
118,1jvs,1
119,1k0t,1
120,1k5h,1
121,1kbj,1
122,1kdg,1
123,1klk,1
124,1koi,1
125,1ksi,1
126,1kwc,1
127,1l1d,1
128,1l8i,1
129,1lc0,1
130,1ldy,1
131,1lju,1
132,1lm1,1
133,1lsj,1
134,1lud,1
135,1lxc,1
136,1m00,1
137,1m67,1
138,1m7v,1
139,1m9m,1
140,1mbb,1
141,1mei,1
142,1mgo,1
143,1mkq,1
144,1mmt,1
145,1mp0,1
146,1mvt,1
147,1mzz,1
148,1n2c,1
149,1n50,1
150,1n8j,1
151,1ndh,1
152,1nf4,1
153,1nhg,1
154,1nic,1
155,1nml,1
156,1npd,1
157,1nqt,1
158,1ntm,1
159,1nx4,1
160,1o00,1
161,1o6z,1
162,1o94,1
163,1oaf,1
164,1odn,1
165,1ohj,1
166,1ojd,1
167,1onf,1
168,1oqc,1
169,1oya,1
170,1ozu,1
171,1p2h,1
172,1p6h,1
173,1p7r,1
174,1pah,1
175,1pd8,1
176,1pfr,1
177,1phb,1
178,1piu,1
179,1pj6,1
180,1pl8,1
181,1ppj,1
182,1ps7,1
183,1pu0,1
184,1pxx,1
185,1q0d,1
186,1q13,1
187,1q5e,1
188,1qal,1
189,1qf7,1
190,1qgu,1
191,1qiq,1
192,1qlt,1
193,1qor,1
194,1que,1
195,1qwc,1
196,1qyx,1
197,1r38,1
198,1ra1,1
199,1re7,1
200,1rie,1
201,1rnr,1
202,1rs7,1
203,1rx1,1
204,1rxf,1
205,1rzq,1
206,1s3e,1
207,1s7c,1
208,1sda,1
209,1si8,1
210,1sjz,1
211,1smq,1
212,1sp9,1
213,1sqv,1
214,1sxa,1
215,1sy0,1
216,1szx,1
217,1t26,1
218,1t47,1
219,1t87,1
220,1tdf,1
221,1tgu,1
222,1tjo,1
223,1tmx,1
224,1tu5,1
225,1ty9,1
226,1u2j,1
227,1u5a,1
228,1u74,1
229,1ubr,1
230,1ui7,1
231,1umb,1
232,1uog,1
233,1uuo,1
234,1uxm,1
235,1uzl,1
236,1v1r,1
237,1v5z,1
238,1vag,1
239,1vdr,1
240,1vhd,1
241,1vju,1
242,1vm6,1
243,1vpr,1
244,1vz5,1
245,1w0d,1
246,1w2a,1
247,1w4w,1
248,1w6s,1
249,1wal,1
250,1wma,1
251,1wnv,1
252,1wql,1
253,1wv4,1
254,1wxd,1
255,1wzi,1
256,1x1t,1
257,1x8n,1
258,1xac,1
259,1xdq,1
260,1xiv,1
261,1xk1,1
262,1xme,1
263,1xse,1
264,1xvc,1
265,1xxo,1
266,1y1g,1
267,1y56,1
268,1y9d,1
269,1ycg,1
270,1yep,1
271,1yge,1
272,1ykf,1
273,1yl6,1
274,1yqp,1
275,1yso,1
276,1yxm,1
277,1z03,1
278,1z4a,1
279,1z8a,1
280,1zbz,1
281,1zh8,1
282,1zk3,1
283,1zoa,1
284,1zr6,1
285,1zum,1
286,1zx9,1
287,1zz7,1
288,1zzs,1
289,2a1y,1
290,2a85,1
291,2a9d,1
292,2acz,1
293,2af2,1
294,2agw,1
295,2akj,1
296,2anq,1
297,2aqj,1
298,2as1,1
299,2at8,1
300,2axr,1
301,2b0z,1
302,2b4g,1
303,2b6f,1
304,2bcn,1
305,2bf4,1
306,2bfo,1
307,2bhj,1
308,2bjy,1
309,2bl9,1
310,2bnm,1
311,2bra,1
312,2bu9,1
313,2buz,1
314,2bwd,1
315,2bzs,1
316,2c1v,1
317,2c3o,1
318,2c6h,1
319,2c7x,1
320,2cb2,1
321,2cdc,1
322,2cfd,1
323,2cgo,1
324,2ciy,1
325,2cmd,1
326,2cpp,1
327,2cvt,1
328,2cwh,1
329,2czc,1
330,2d1r,1
331,2d4a,1
332,2dbz,1
333,2dji,1
334,2dmr,1
335,2du8,1
336,2dzj,1
337,2e39,1
338,2e5m,1
339,2e77,1
340,2ed4,1
341,2ei0,1
342,2eiw,1
343,2ekp,1
344,2ete,1
345,2euu,1
346,2ezu,1
347,2fbw,1
348,2fdk,1
349,2fja,1
350,2fmu,1
351,2fqf,1
352,2fsv,1
353,2fy6,1
354,2fzj,1
355,2g28,1
356,2g6l,1
357,2gb0,1
358,2gds,1
359,2ggs,1
360,2gjn,1
361,2gpc,1
362,2gr6,1
363,2gv8,1
364,2h3x,1
365,2h88,1
366,2he8,1
367,2hj4,1
368,2hlp,1
369,2hq1,1
370,2htn,1
371,2hxc,1
372,2i3g,1
373,2ic0,1
374,2iem,1
375,2ij2,1
376,2iki,1
377,2ipf,1
378,2isa,1
379,2iup,1
380,2ivi,1
381,2iyp,1
382,2j3i,1
383,2j5m,1
384,2j8z,1
385,2jbt,1
386,2jgd,1
387,2jiq,1
388,2jlp,1
389,2k0r,1
390,2kt2,1
391,2l8m,1
392,2lqd,1
393,2mg5,1
394,2myt,1
395,2nip,1
396,2nod,1
397,2nsi,1
398,2nve,1
399,2nyb,1
400,2o3j,1
401,2oa1,1
402,2og6,1
403,2ok6,1
404,2oos,1
405,2orq,1
406,2oxi,1
407,2p31,1
408,2p68,1
409,2pcb,1
410,2pdc,1
411,2pdp,1
412,2pfh,1
413,2phh,1
414,2pp7,1
415,2pr2,1
416,2pt3,1
417,2pw6,1
418,2q2v,1
419,2q4s,1
420,2q8c,1
421,2qbl,1
422,2qg4,1
423,2qmy,1
424,2qqs,1
425,2qtc,1
426,2qxw,1
427,2r27,1
428,2r5v,1
429,2rbe,1
430,2rc2,1
431,2rdt,1
432,2rg1,1
433,2rii,1
434,2tmg,1
435,2uxn,1
436,2v1d,1
437,2v3a,1
438,2v65,1
439,2vau,1
440,2vcy,1
441,2vft,1
442,2vig,1
443,2vlv,1
444,2voj,1
445,2vux,1
446,2vxh,1
447,2vz7,1
448,2w23,1
449,2w54,1
450,2w98,1
451,2wbo,1
452,2wdz,1
453,2whd,1
454,2wm2,1
455,2wov,1
456,2wq8,1
457,2wv8,1
458,2wyz,1
459,2x0j,1
460,2x50,1
461,2x8h,1
462,2xaf,1
463,2xax,1
464,2xdr,1
465,2xhf,1
466,2xjk,1
467,2xls,1
468,2xof,1
469,2xsn,1
470,2xvh,1
471,2xz0,1
472,2y1f,1
473,2y46,1
474,2y6b,1
475,2yaf,1
476,2yax,1
477,2yfi,1
478,2yhi,1
479,2ylx,1
480,2yox,1
481,2yr5,1
482,2yw7,1
483,2yyy,1
484,2z3u,1
485,2z6m,1
486,2zax,1
487,2zcu,1
488,2zkx,1
489,2zoo,1
490,2ztv,1
491,2zwg,1
492,2zz0,1
493,3a28,1
494,3a5w,1
495,3abg,1
496,3ado,1
497,3ae9,1
498,3aer,1
499,3agb,1
500,3ajo,1
501,3al6,1
502,3amz,1
503,3aps,1
504,3aut,1
505,3awt,1
506,3ax5,1
507,3ayz,1
508,3b0v,1
509,3b51,1
510,3b96,1
511,3bdj,1
512,3bhf,1
513,3bio,1
514,3bnb,1
515,3bo9,1
516,3btz,1
517,3bvi,1
518,3bxx,1
519,3c3s,1
520,3c7a,1
521,3cb0,1
522,3cd5,1
523,3ch6,1
524,3cmi,1
525,3cp2,1
526,3cse,1
527,3cvn,1
528,3cxz,1
529,3d1i,1
530,3d5q,1
531,3d9g,1
532,3dc5,1
533,3dhe,1
534,3dk8,1
535,3dms,1
536,3dqr,1
537,3dws,1
538,3e1j,1
539,3e2o,1
540,3e65,1
541,3e6t,1
542,3eah,1
543,3ec7,1
544,3egw,1
545,3eje,1
546,3eom,1
547,3es9,1
548,3exb,1
549,3f03,1
550,3f1k,1
551,3f5q,1
552,3f91,1
553,3fdy,1
554,3fjl,1
555,3fm6,1
556,3fpc,1
557,3fr7,1
558,3fst,1
559,3fw8,1
560,3fy8,1
561,3g1r,1
562,3g5n,1
563,3gc1,1
564,3ge3,1
565,3gg9,1
566,3ghy,1
567,3gmd,1
568,3gqv,1
569,3gtt,1
570,3gwf,1
571,3gz3,1
572,3h1k,1
573,3h4g,1
574,3h8l,1
575,3hb5,1
576,3hdl,1
577,3hgi,1
578,3hig,1
579,3hn2,1
580,3hpy,1
581,3hrd,1
582,3hud,1
583,3hyx,1
584,3i4c,1
585,3i6d,1
586,3i99,1
587,3iep,1
588,3ijd,1
589,3ir6,1
590,3itg,1
591,3iwk,1
592,3jd4,1
593,3jqf,1
594,3jt5,1
595,3jv7,1
596,3jwu,1
597,3jx4,1
598,3k1o,1
599,3k4b,1
600,3k73,1
601,3k91,1
602,3ka8,1
603,3ke9,1
604,3khb,1
605,3kky,1
606,3kp8,1
607,3ks0,1
608,3kt7,1
609,3kvj,1
610,3kx4,1
611,3l4o,1
612,3l67,1
613,3l8k,1
614,3lc4,1
615,3lep,1
616,3ljf,1
617,3ln3,1
618,3lqk,1
619,3lt1,1
620,3lwx,1
621,3m08,1
622,3m27,1
623,3m2h,1
624,3mao,1
625,3mcv,1
626,3mfl,1
627,3mib,1
628,3mjo,1
629,3mlk,1
630,3mma,1
631,3mqe,1
632,3myr,1
633,3n38,1
634,3n5w,1
635,3n66,1
636,3n6g,1
637,3n8v,1
638,3na1,1
639,3nc7,1
640,3nhl,1
641,3njy,1
642,3nlf,1
643,3nlq,1
644,3nm8,1
645,3nod,1
646,3nrc,1
647,3nta,1
648,3nug,1
649,3nwl,1
650,3nyh,1
651,3o0n,1
652,3o1t,1
653,3o55,1
654,3oa2,1
655,3oec,1
656,3oic,1
657,3ojw,1
658,3omn,1
659,3osu,1
660,3owx,1
661,3p0r,1
662,3p62,1
663,3p6u,1
664,3p82,1
665,3p9s,1
666,3pcg,1
667,3pdq,1
668,3phg,1
669,3pin,1
670,3pk8,1
671,3ple,1
672,3pne,1
673,3pq4,1
674,3prl,1
675,3pvr,1
676,3pxs,1
677,3pzw,1
678,3q3c,1
679,3q99,1
680,3qdl,1
681,3qfx,1
682,3qjt,1
683,3qm4,1
684,3qrw,1
685,3qwb,1
686,3qzb,1
687,3r2h,1
688,3r3j,1
689,3r6w,1
690,3rde,1
691,3rgb,1
692,3rhl,1
693,3rix,1
694,3rkr,1
695,3rnb,1
696,3rqc,1
697,3rro,1
698,3rx3,1
699,3s0p,1
700,3s3b,1
701,3s5e,1
702,3s8b,1
703,3sbo,1
704,3sdp,1
705,3sh2,1
706,3sqp,1
707,3sth,1
708,3sx6,1
709,3sza,1
710,3t0k,1
711,3t3k,1
712,3t4e,1
713,3t9w,1
714,3td8,1
715,3tgc,1
716,3tjg,1
717,3tk4,1
718,3to0,1
719,3tri,1
720,3ttx,1
721,3tyl,1
722,3tzo,1
723,3u49,1
724,3u9l,1
725,3ufo,1
726,3uh1,1
727,3uno,1
728,3up8,1
729,3ut2,1
730,3uw8,1
731,3uzy,1
732,3v2g,1
733,3v92,1
734,3v9l,1
735,3vee,1
736,3vkz,1
737,3vll,1
738,3vmi,1
740,3vrb,1
741,3vu3,1
742,3vzr,1
743,3w1u,1
744,3w2k,1
745,3w4k,1
746,3w71,1
747,3w7c,1
748,3w7n,1
749,3w88,1
750,3wa3,1
751,3wev,1
752,3wgx,1
753,3wle,1
754,3wqs,1
755,3wri,1
756,3wu2,1
757,3wzy,1
758,3zbt,1
759,3ze7,1
760,3zgn,1
761,3ziy,1
762,3zms,1
763,3znq,1
764,3zsn,1
765,3zvj,1
766,4a27,1
767,4a66,1
768,4a7m,1
769,4aam,1
770,4ai7,1
771,4aj7,1
772,4ajk,1
773,4al4,1
774,4anp,1
775,4aq2,1
776,4aue,1
777,4ax3,1
778,4b63,1
779,4b7f,1
780,4bb5,1
781,4bfj,1
782,4bgv,1
783,4bjy,1
784,4bl5,1
785,4bmn,1
786,4bng,1
787,4bnu,1
788,4bo4,1
789,4bqw,1
790,4bty,1
791,4c0c,1
792,4c3s,1
793,4c5w,1
794,4c8d,1
795,4cbb,1
796,4ccr,1
797,4cit,1
798,4clo,1
799,4cm9,1
800,4cnj,1
801,4cp4,1
802,4cr8,1
803,4ctw,1
804,4cun,1
805,4cvi,1
806,4cw6,1
807,4cx3,1
808,4czn,1
809,4d12,1
810,4d31,1
811,4d3b,1
812,4d3t,1
813,4d50,1
814,4d7l,1
815,4dbv,1
816,4diq,1
817,4dna,1
818,4dql,1
819,4dtw,1
820,4dvh,1
821,4dyz,1
822,4e3x,1
823,4e5p,1
824,4edf,1
825,4ej1,1
826,4ele,1
827,4enh,1
828,4eoc,1
829,4erp,1
830,4ev5,1
831,4f3x,1
832,4fa1,1
833,4fav,1
834,4fd3,1
835,4fef,1
836,4fgc,1
837,4fiw,1
838,4fn4,1
839,4fr8,1
840,4fwe,1
841,4g0i,1
842,4g37,1
843,4g47,1
844,4g7g,1
845,4gac,1
846,4gd4,1
847,4ghc,1
848,4gjy,1
849,4gnw,1
850,4gpc,1
851,4gqi,1
852,4gu3,1
853,4gwb,1
855,4h44,1
856,4h4u,1
857,4h6r,1
858,4h97,1
859,4he8,1
860,4hgj,1
861,4hm1,1
862,4hmu,1
863,4hpa,1
864,4hsl,1
865,4hx5,1
866,4i3v,1
867,4i7z,1
868,4icd,1
869,4idz,1
870,4igo,1
871,4ij3,1
872,4ims,1
873,4iq4,1
874,4ism,1
875,4ivj,1
876,4ixh,1
877,4j16,1
878,4j34,1
879,4j4t,1
880,4j7x,1
881,4jco,1
882,4jir,1
883,4jm9,1
884,4jnq,1
885,4jqc,1
886,4jsg,1
887,4jts,1
888,4jy3,1
889,4jzr,1
890,4k3z,1
891,4k6c,1
892,4k8h,1
893,4kck,1
894,4kde,1
895,4kfj,1
896,4km2,1
897,4kp7,1
898,4ktj,1
899,4kwf,1
900,4l0f,1
901,4l2n,1
902,4l4b,1
903,4l6v,1
904,4lah,1
905,4lem,1
906,4lht,1
907,4lpj,1
908,4lsm,1
909,4lwj,1
910,4m07,1
911,4m2x,1
912,4m7u,1
913,4mah,1
914,4mh2,1
915,4mjl,1
916,4mn9,1
917,4moo,1
918,4muy,1
919,4myx,1
920,4n3u,1
921,4n5l,1
922,4n9v,1
923,4nbe,1
924,4nd3,1
925,4ng5,1
926,4nin,1
927,4nkv,1
928,4nmc,1
929,4npm,1
930,4nse,1
931,4nx6,1
932,4o5h,1
933,4o79,1
934,4oaq,1
935,4oh2,1
936,4one,1
937,4opt,1
938,4otk,1
939,4oyn,1
940,4p3r,1
941,4p6v,1
942,4p8r,1
943,4pd4,1
944,4phz,1
945,4pq6,1
946,4pth,1
947,4pvd,1
948,4pzf,1
949,4q3d,1
950,4q5c,1
951,4qcd,1
952,4qgk,1
953,4qit,1
954,4qkn,1
955,4qne,1
956,4qoj,1
957,4qq3,1
958,4qur,1
959,4qxh,1
960,4r4j,1
961,4r9r,1
962,4rg4,1
963,4rkn,1
964,4rnw,1
965,4rr4,1
966,4rut,1
967,4s23,1
968,4tku,1
969,4toc,1
970,4trm,1
971,4ttt,1
972,4tzt,1
973,4u66,1
974,4u9i,1
975,4uch,1
976,4udy,1
977,4ug5,1
978,4ugf,1
979,4ugp,1
980,4ugz,1
981,4uh9,1
982,4upe,1
983,4uqh,1
984,4ura,1
985,4usz,1
986,4uuo,1
987,4uvh,1
988,4v06,1
989,4v3u,1
990,4w7m,1
991,4weq,1
992,4wg2,1
993,4wjz,1
994,4wna,1
995,4wpg,1
996,4wqj,1
997,4x0t,1
998,4x5g,1
999,4xae,1
1000,4xdc,1
1001,4xeh,1
1002,4xmc,1
1003,4xrd,1
1004,4xti,1
1005,4xwr,1
1006,4xzh,1
1007,4y4r,1
1008,4y8w,1
1009,4yaw,1
1010,4yjd,1
1011,4ync,1
1012,4ysc,1
1013,4ytn,1
1014,4yyz,1
1015,4z2t,1
1016,4z9y,1
1017,4zgw,1
1018,4zky,1
1019,4zqb,1
1020,4zr0,1
1021,4zvl,1
1022,4zyj,1
1023,5a1l,1
1024,5a3w,1
1025,5a7p,1
1026,5abm,1
1027,5ad7,1
1028,5adh,1
1029,5aew,1
1030,5agp,1
1031,5aog,1
1032,5ayv,1
1033,5b37,1
1034,5b66,1
1035,5bse,1
1036,5byq,1
1037,5c5i,1
1038,5cds,1
1039,5cg2,1
1040,5cie,1
1041,5cnu,1
1042,5cpp,1
1043,5d4j,1
1044,5d8r,1
1045,5dbg,1
1046,5de9,1
1047,5djq,1
1048,5dwv,1
1049,5e78,1
1050,5eai,1
1051,5ehf,1
1052,5em4,1
1053,5ept,1
1054,5evo,1
1055,5f1a,1
1056,5f4b,1
1057,5fb3,1
1058,5ff2,1
1059,5fjh,1
1060,5fno,1
1061,5fpb,1
1062,5fun,1
1063,5fvu,1
1064,5fwn,1
1065,5fy1,1
1066,5fyy,1
1067,5fzb,1
1068,5g0t,1
1069,5g68,1
1070,5g6i,1
1071,5gh0,1
1072,5gxg,1
1073,5h92,1
1074,5hi4,1
1075,5hqy,1
1076,5hto,1
1077,5i5m,1
1078,5i7s,1
1079,5i9l,1
1080,5ibo,1
1081,5iki,1
1082,5ir5,1
1083,5ive,1
1084,5j07,1
1085,5j7i,1
1086,5jai,1
1087,5jh5,1
1088,5jo0,1
1089,5jsf,1
1090,5jye,1
1091,5k4z,1
1092,5kcp,1
1093,5kje,1
1094,5koj,1
1095,5kxj,1
1096,5l1s,1
1097,5l3g,1
1098,5l7t,1
1099,5l9r,1
1100,5lbq,1
1101,5ldx,1
1102,5li7,1
1103,5lnk,1
1104,5m6d,1
1105,5pah,1
1106,5sx1,1
1107,5sxx,1
1108,5syy,1
1109,5tbo,1
1110,5tpg,1
1111,5u1p,1
1112,5u5w,1
1113,5u9p,1
1114,5ulv,1
1115,5urq,1
1116,6ccp,1
1117,6r1r,1
1118,7nse,1
1119,9icd,1
1120,14gs,2
1121,1a0b,2
1122,1a1s,2
1123,1a49,2
1124,1a8i,2
1125,1a9t,2
1126,1ad1,2
1127,1ahf,2
1128,1aj2,2
1129,1ake,2
1130,1ank,2
1131,1aqu,2
1132,1asa,2
1133,1at1,2
1134,1ax3,2
1135,1azy,2
1136,1b4d,2
1137,1b5s,2
1138,1b9f,2
1139,1bdf,2
1141,1bi8,2
1142,1bko,2
1143,1bmk,2
1144,1boo,2
1145,1bqd,2
1146,1bu1,2
1147,1bx6,2
1148,1c0t,2
1149,1c3j,2
1150,1c9y,2
1151,1cez,2
1152,1cgz,2
1153,1cke,2
1154,1cm1,2
1155,1cq6,2
1156,1csn,2
1157,1cwy,2
1158,1czc,2
1159,1d2g,2
1160,1d6s,2
1161,1daw,2
1162,1dd9,2
1163,1dhs,2
1164,1dkr,2
1165,1dmz,2
1167,1du2,2
1168,1e0c,2
1169,1e2b,2
1170,1e2m,2
1171,1e4y,2
1172,1e8w,2
1173,1e9d,2
1174,1eaf,2
1175,1eem,2
1176,1eh4,2
1177,1ejc,2
1178,1em6,2
1180,1esm,2
1181,1evg,2
1182,1eyn,2
1183,1ezj,2
1184,1f1w,2
1185,1f3l,2
1186,1f51,2
1187,1f80,2
1188,1far,2
1189,1ffs,2
1190,1fhr,2
1191,1fkv,2
1192,1fo8,2
1193,1fps,2
1194,1fsp,2
1195,1fu0,2
1196,1fwk,2
1197,1fxj,2
1198,1fyr,2
1199,1g2o,2
1200,1g3u,2
1201,1g5h,2
1202,1g6c,2
1203,1g7x,2
1204,1g93,2
1205,1gbn,2
1206,1gfz,2
1207,1ghe,2
1208,1gkz,2
1209,1gll,2
1210,1gnn,2
1211,1gpy,2
1212,1gs0,2
1213,1gss,2
1214,1guh,2
1215,1gx3,2
1216,1gy0,2
1217,1gzu,2
1218,1h16,2
1219,1h1w,2
1220,1h4c,2
1221,1h5t,2
1222,1h7h,2
1223,1hbh,2
1224,1hct,2
1225,1hgx,2
1226,1hka,2
1228,1hnd,2
1229,1hpz,2
1230,1hvy,2
1231,1hze,2
1232,1i14,2
1233,1i2n,2
1234,1i4w,2
1235,1i5o,2
1236,1i8d,2
1237,1ibs,2
1238,1iid,2
1239,1ikq,2
1240,1ini,2
1241,1is0,2
1242,1ix7,2
1243,1iyd,2
1244,1j2b,2
1245,1j4o,2
1246,1j7i,2
1247,1jas,2
1248,1jde,2
1249,1jec,2
1250,1jg4,2
1251,1jhp,2
1252,1jix,2
1253,1jlb,2
1254,1jlw,2
1255,1joy,2
1256,1jql,2
1257,1jsx,2
1258,1jv1,2
1259,1jwo,2
1260,1k06,2
1261,1k1x,2
1262,1k3l,2
1263,1k4j,2
1264,1k7y,2
1265,1kam,2
1266,1kce,2
1267,1ke5,2
1268,1kfs,2
1269,1kht,2
1270,1kia,2
1271,1kk6,2
1272,1kln,2
1273,1ko8,2
1274,1kqo,2
1275,1kt8,2
1276,1kv2,2
1277,1kyw,2
1278,1kzi,2
1279,1l2l,2
1280,1l3v,2
1281,1l4u,2
1282,1l5s,2
1283,1l9m,2
1284,1lce,2
1285,1lhr,2
1286,1ll0,2
1287,1lrn,2
1288,1lt7,2
1289,1lv5,2
1290,1lwh,2
1291,1lzi,2
1292,1m27,2
1293,1m44,2
1294,1m5w,2
1295,1m7x,2
1296,1map,2
1297,1men,2
1298,1miv,2
1299,1mla,2
1300,1mox,2
1301,1mrn,2
1302,1mtc,2
1303,1mw1,2
1304,1mzc,2
1305,1n1d,2
1306,1n4h,2
1307,1n5k,2
1308,1n8i,2
1309,1nb0,2
1310,1ncl,2
1311,1ndp,2
1312,1njb,2
1313,1njz,2
1314,1nke,2
1315,1nm8,2
1316,1nnr,2
1317,1nqu,2
1318,1nsq,2
1319,1nul,2
1320,1nw1,2
1321,1nxz,2
1322,1nzv,2
1323,1o29,2
1324,1o47,2
1325,1o4h,2
1326,1o4r,2
1327,1o68,2
1328,1o90,2
1329,1oas,2
1330,1oe7,2
1331,1ofq,2
1332,1ohv,2
1333,1ojg,2
1334,1ol2,2
1335,1on6,2
1336,1opl,2
1337,1ot1,2
1338,1ouk,2
1339,1ow8,2
1340,1oy5,2
1341,1ozm,2
1342,1p13,2
1343,1p2b,2
1344,1p4m,2
1345,1p5z,2
1346,1p7l,2
1347,1pax,2
1348,1peg,2
1349,1pgt,2
1350,1pk7,2
1351,1pku,2
1352,1pme,2
1353,1pqy,2
1354,1psb,2
1355,1pv3,2
1356,1pxj,2
1357,1pyg,2
1358,1q18,2
1359,1q2d,2
1360,1q3w,2
1361,1q62,2
1362,1q7e,2
1363,1q8w,2
1364,1qam,2
1365,1qe1,2
1366,1qgn,2
1367,1qir,2
1368,1qk5,2
1369,1qnt,2
1370,1qqc,2
1371,1qs7,2
1372,1qtm,2
1373,1qyr,2
1374,1r30,2
1375,1r5a,2
1376,1r79,2
1377,1r89,2
1378,1ra7,2
1379,1raj,2
1380,1rct,2
1381,1rf4,2
1382,1rhd,2
1383,1rjd,2
1384,1rl9,2
1385,1rqd,2
1386,1rr6,2
1387,1rt4,2
1388,1rty,2
1389,1rw8,2
1390,1rys,2
1391,1s09,2
1392,1s1u,2
1393,1s3f,2
1394,1s57,2
1395,1s5x,2
1396,1s76,2
1397,1s9e,2
1398,1scz,2
1399,1sgk,2
1400,1shw,2
1401,1snx,2
1402,1sr8,2
1403,1sst,2
1404,1sve,2
1405,1szk,2
1406,1t38,2
1407,1t46,2
1408,1t7o,2
1409,1t9c,2
1410,1tc1,2
1411,1tdc,2
1412,1tfy,2
1413,1til,2
1414,1tki,2
1415,1tmj,2
1416,1tnu,2
1417,1tot,2
1418,1tqp,2
1419,1tsx,2
1420,1tuy,2
1421,1tvv,2
1422,1txe,2
1423,1u08,2
1424,1u1d,2
1425,1u2x,2
1426,1u49,2
1427,1u6s,2
1428,1ua1,2
1429,1ub0,2
1430,1udo,2
1431,1ueu,2
1432,1uj2,2
1433,1uky,2
1434,1un9,2
1435,1upc,2
1436,1usy,2
1437,1uv0,2
1438,1uwh,2
1439,1v1b,2
1440,1v30,2
1441,1v45,2
1442,1v4s,2
1443,1v82,2
1444,1vbf,2
1445,1veb,2
1446,1vg4,2
1447,1vgz,2
1448,1vhw,2
1449,1vjc,2
1450,1vm7,2
1451,1vpx,2
1452,1vrp,2
1453,1vyi,2
1454,1vze,2
1455,1w1f,2
1456,1w2h,2
1457,1w4j,2
1458,1w7m,2
1459,1wa8,2
1460,1wbw,2
1461,1wg8,2
1462,1wkf,2
1463,1wl2,2
1464,1wns,2
1465,1wor,2
1466,1wsz,2
1467,1wuu,2
1468,1wvz,2
1469,1wy1,2
1470,1x04,2
1471,1x28,2
1472,1x4r,2
1473,1x81,2
1474,1xat,2
1475,1xco,2
1476,1xf8,2
1477,1xhf,2
1478,1xjd,2
1479,1xl0,2
1480,1xo2,2
1481,1xqz,2
1482,1xrc,2
1483,1xv9,2
1484,1xwk,2
1485,1y0b,2
1486,1y4y,2
1487,1y6e,2
1488,1y8o,2
1489,1ybd,2
1490,1yfl,2
1491,1yhm,2
1492,1yi6,2
1493,1ykc,2
1494,1yol,2
1495,1yq7,2
1496,1yry,2
1497,1yv5,2
1498,1yx0,2
1499,1yy9,2
1500,1z28,2
1501,1z36,2
1502,1z5m,2
1503,1z7y,2
1504,1z9i,2
1505,1zco,2
1506,1zdg,2
1507,1zhj,2
1508,1zji,2
1509,1zm2,2
1510,1zn7,2
1511,1zoq,2
1512,1zsg,2
1513,1zun,2
1514,1zxe,2
1515,1zym,2
1516,2a0c,2
1517,2a1a,2
1518,2a2s,2
1519,2a58,2
1520,2a78,2
1521,2a9k,2
1522,2aaw,2
1523,2ac7,2
1524,2af3,2
1525,2agh,2
1526,2ai2,2
1527,2aky,2
1528,2an4,2
1529,2ap1,2
1530,2ar7,2
1531,2ati,2
1532,2aw3,2
1533,2ay2,2
1534,2ayx,2
1535,2azt,2
1536,2b4b,2
1537,2b6a,2
1538,2b8t,2
1539,2bal,2
1540,2bck,2
1541,2be9,2
1542,2bg5,2
1543,2bht,2
1544,2bik,2
1545,2bl1,2
1546,2bo8,2
1547,2brb,2
1548,2bsx,2
1549,2bu2,2
1550,2bui,2
1551,2byw,2
1552,2bzk,2
1553,2c1z,2
1554,2c35,2
1555,2c47,2
1556,2c5b,2
1557,2c60,2
1558,2c6t,2
1559,2c81,2
1560,2c8u,2
1561,2ca8,2
1562,2cci,2
1563,2cgk,2
1564,2ch6,2
1565,2cjq,2
1566,2cla,2
1567,2cn8,2
1568,2coo,2
1569,2crk,2
1570,2cuy,2
1571,2cyx,2
1572,2d4c,2
1573,2d66,2
1574,2daa,2
1575,2ddm,2
1576,2deu,2
1577,2dk6,2
1578,2dou,2
1579,2dr7,2
1580,2dsg,2
1581,2dv4,2
1582,2dxs,2
1583,2e07,2
1584,2e17,2
1585,2e2c,2
1586,2e5a,2
1587,2e7f,2
1588,2e8s,2
1589,2e9t,2
1590,2ebw,2
1591,2edf,2
1592,2efj,2
1593,2egv,2
1594,2ehl,2
1595,2ejz,2
1596,2el2,2
1597,2enj,2
1598,2erk,2
1599,2etr,2
1600,2ewg,2
1601,2ezc,2
1602,2f3i,2
1603,2f4j,2
1604,2f67,2
1605,2f89,2
1606,2f9k,2
1607,2fep,2
1608,2fgc,2
1609,2fk7,2
1610,2fnu,2
1611,2fso,2
1612,2fuh,2
1613,2fw3,2
1614,2fyo,2
1615,2g1h,2
1616,2g2y,2
1617,2g72,2
1618,2g96,2
1619,2gaa,2
1620,2gdo,2
1621,2geu,2
1622,2gga,2
1623,2gir,2
1624,2gm8,2
1625,2go0,2
1626,2gqh,2
1627,2gtd,2
1628,2gvl,2
1629,2gzf,2
1630,2h1f,2
1631,2h2w,2
1632,2h62,2
1633,2h7v,2
1634,2h9v,2
1635,2hcr,2
1636,2hfs,2
1637,2hhp,2
1638,2hiw,2
1639,2hmy,2
1640,2hpm,2
1641,2hsw,2
1642,2huv,2
1643,2hw3,2
1644,2hxl,2
1645,2hzi,2
1646,2i1m,2
1647,2i3s,2
1648,2i6a,2
1649,2i8a,2
1650,2ibp,2
1651,2idj,2
1652,2if2,2
1653,2ih5,2
1654,2ii4,2
1655,2ija,2
1656,2ilz,2
1657,2ip2,2
1658,2it3,2
1659,2itx,2
1660,2ivn,2
1661,2iw9,2
1662,2iyr,2
1663,2izs,2
1664,2j0k,2
1665,2j41,2
1666,2j5t,2
1667,2j8a,2
1668,2ja1,2
1669,2jbz,2
1670,2jdo,2
1671,2jei,2
1672,2jfl,2
1673,2jgz,2
1674,2jjg,2
1675,2jky,2
1676,2jqj,2
1677,2jv0,2
1678,2jzh,2
1679,2k7v,2
1680,2kfn,2
1681,2kk1,2
1682,2kr5,2
1683,2kud,2
1684,2kx7,2
1685,2l0g,2
1686,2l5s,2
1687,2l9u,2
1688,2le0,2
1689,2ln0,2
1690,2lsi,2
1691,2lw8,2
1692,2m2i,2
1693,2mc1,2
1694,2mh0,2
1695,2mt6,2
1696,2n1g,2
1697,2n8a,2
1698,2no1,2
1699,2npa,2
1700,2nqq,2
1701,2nrp,2
1702,2nx1,2
1703,2nyu,2
1704,2o06,2
1705,2o15,2
1706,2o2u,2
1707,2o64,2
1708,2o9i,2
1709,2obv,2
1710,2oeg,2
1711,2oga,2
1712,2oi2,2
1713,2oj2,2
1714,2olc,2
1715,2onz,2
1716,2opp,2
1717,2ore,2
1718,2ov8,2
1719,2owk,2
1720,2oyr,2
1721,2p0u,2
1722,2p2o,2
1723,2p3q,2
1724,2p5f,2
1725,2p8u,2
1726,2pb2,2
1727,2pcg,2
1728,2pe2,2
1729,2pgv,2
1730,2pkf,2
1731,2pmt,2
1732,2pot,2
1733,2pqf,2
1734,2ps1,2
1735,2pun,2
1736,2pvk,2
1737,2pwv,2
1738,2py3,2
1739,2q0b,2
1740,2q3d,2
1741,2q5r,2
1742,2q7d,2
1743,2qb3,2
1744,2qe2,2
1745,2qgn,2
1746,2qia,2
1747,2qj9,2
1748,2qkw,2
1749,2qm3,2
1750,2qn8,2
1751,2qo3,2
1752,2qol,2
1753,2qq0,2
1754,2qrh,2
1755,2qt1,2
1756,2qvs,2
1757,2r25,2
1758,2r3f,2
1759,2r3p,2
1760,2r5c,2
1761,2r6z,2
1762,2r7t,2
1763,2r8k,2
1764,2rbc,2
1765,2rdi,2
1766,2rf2,2
1767,2rg6,2
1768,2rix,2
1769,2rj8,2
1770,2rn8,2
1771,2rpn,2
1772,2tdd,2
1773,2ukd,2
1774,2uvr,2
1775,2uw5,2
1776,2ux8,2
1777,2uze,2
1778,2uzw,2
1779,2v1y,2
1780,2v4i,2
1781,2v62,2
1782,2v7w,2
1783,2va3,2
1784,2vbq,2
1785,2vd5,2
1786,2vez,2
1787,2vg1,2
1788,2vgs,2
1789,2vi9,2
1790,2vjq,2
1791,2vms,2
1792,2vny,2
1793,2vp5,2
1794,2vs5,2
1795,2vtm,2
1796,2vu1,2
1797,2vwj,2
1798,2vx3,2
1799,2vzy,2
1800,2w1c,2
1801,2w21,2
1802,2w4j,2
1803,2w63,2
1804,2w7m,2
1805,2w9a,2
1806,2wb8,2
1807,2wei,2
1808,2wh0,2
1809,2wk7,2
1810,2wl6,2
1811,2wmb,2
1812,2wnb,2
1813,2wot,2
1814,2wqm,2
1815,2wtd,2
1816,2wu7,2
1817,2ww4,2
1818,2wxc,2
1819,2wxo,2
1820,2wzj,2
1821,2x1d,2
1822,2x2w,2
1823,2x62,2
1824,2x6q,2
1825,2x8e,2
1826,2xac,2
1827,2xbj,2
1828,2xd1,2
1829,2xgq,2
1830,2xir,2
1831,2xk7,2
1832,2xm7,2
1833,2xno,2
1834,2xuu,2
1835,2xxd,2
1836,2xyv,2
1837,2y1w,2
1838,2y2o,2
1839,2y4p,2
1840,2y7d,2
1841,2y9p,2
1842,2ybe,2
1843,2ycs,2
1844,2yft,2
1845,2yia,2
1846,2yjr,2
1847,2ym5,2
1848,2yof,2
1849,2yqj,2
1850,2ysm,2
1851,2yvu,2
1852,2yy8,2
1853,2z11,2
1854,2z3l,2
1855,2z67,2
1856,2z7r,2
1857,2z9w,2
1858,2zbr,2
1859,2zdy,2
1860,2zej,2
1861,2zgv,2
1862,2zha,2
1863,2zi9,2
1864,2zjg,2
1865,2zmd,2
1866,2zsb,2
1867,2zu8,2
1868,2zv8,2
1869,2zxu,2
1870,3a0r,2
1871,3a1g,2
1872,3a4n,2
1873,3a6p,2
1874,3a8i,2
1875,3aad,2
1876,3ac1,2
1877,3ack,2
1878,3adc,2
1879,3af4,2
1880,3ai9,2
1881,3akj,2
1882,3amk,2
1883,3aov,2
1884,3aq0,2
1885,3asx,2
1886,3au2,2
1887,3avp,2
1888,3axw,2
1889,3b2e,2
1890,3b3l,2
1891,3b78,2
1892,3b8r,2
1893,3bbt,2
1894,3bd6,2
1895,3beg,2
1896,3bgd,2
1897,3bhl,2
1898,3biz,2
1899,3bld,2
1900,3bmv,2
1901,3bq0,2
1902,3brb,2
1903,3bsy,2
1904,3bv8,2
1905,3bwo,2
1906,3bym,2
1907,3c09,2
1908,3c20,2
1909,3c3a,2
1910,3c4c,2
1911,3c50,2
1912,3c74,2
1913,3cai,2
1914,3ccn,2
1915,3ce3,2
1916,3ci1,2
1917,3cj5,2
1918,3ckk,2
1919,3cly,2
1920,3cp9,2
1921,3cqu,2
1922,3crq,2
1923,3csj,2
1924,3ctj,2
1925,3cuy,2
1926,3cwj,2
1927,3czc,2
1928,3d1j,2
1929,3d3h,2
1930,3d7c,2
1931,3d9k,2
1932,3daa,2
1933,3dbc,2
1934,3dcv,2
1935,3dds,2
1936,3dho,2
1937,3dk7,2
1938,3dlm,2
1939,3dne,2
1940,3dps,2
1941,3drb,2
1942,3dsx,2
1943,3duw,2
1944,3dxy,2
1945,3e0d,2
1946,3e26,2
1947,3e33,2
1948,3e4o,2
1949,3e77,2
1950,3e8n,2
1951,3eaz,2
1952,3eeh,2
1953,3eg1,2
1954,3eh0,2
1955,3ei7,2
1956,3ejm,2
1957,3elh,2
1958,3emh,2
1959,3enm,2
1960,3epj,2
1961,3eqg,2
1962,3erf,2
1963,3ets,2
1964,3evb,2
1965,3ewb,2
1966,3ez4,2
1967,3ezw,2
1968,3f2k,2
1969,3f5f,2
1970,3f6d,2
1971,3f7z,2
1972,3fb1,2
1973,3fc9,2
1974,3feg,2
1975,3fhr,2
1976,3fjx,2
1977,3fl5,2
1978,3fly,2
1979,3fnm,2
1980,3fq6,2
1981,3frc,2
1982,3fso,2
1983,3fur,2
1984,3fvx,2
1985,3fy2,2
1986,3fzp,2
1987,3g25,2
1988,3g33,2
1989,3g5t,2
1990,3g6y,2
1991,3g8a,2
1992,3g9n,2
1993,3gbt,2
1994,3gcq,2
1995,3gen,2
1996,3gg8,2
1997,3gif,2
1998,3gk0,2
1999,3gll,2
2000,3gnw,2
2001,3goy,2
2002,3gql,2
2003,3grz,2
2004,3gu7,2
2005,3gv8,2
2006,3gyq,2
2007,3h0z,2
2008,3h2a,2
2009,3h37,2
2010,3h46,2
2011,3h5u,2
2012,3h7b,2
2013,3h9k,2
2014,3hbf,2
2015,3hck,2
2016,3hem,2
2017,3hiz,2
2018,3hkv,2
2019,3hlc,2
2020,3hmm,2
2021,3ho9,2
2022,3hps,2
2023,3hr7,2
2024,3hsj,2
2025,3hul,2
2026,3hvj,2
2027,3hxc,2
2028,3hzg,2
2029,3i0i,2
2030,3i3x,2
2031,3i5u,2
2032,3i7c,2
2033,3ibr,2
2034,3id8,2
2035,3iex,2
2036,3igx,2
2037,3iik,2
2038,3ikh,2
2039,3ilj,2
2040,3in5,2
2041,3iop,2
2042,3ipy,2
2043,3is4,2
2044,3iv9,2
2045,3iwe,2
2046,3jb6,2
2047,3jsm,2
2048,3juk,2
2049,3jyt,2
2050,3k21,2
2051,3k4y,2
2052,3k5n,2
2053,3k8e,2
2054,3ka0,2
2055,3ke5,2
2056,3kgb,2
2057,3khr,2
2058,3ki7,2
2059,3kka,2
2060,3kmn,2
2061,3knb,2
2062,3kq7,2
2063,3kqw,2
2064,3krc,2
2065,3ksq,2
2066,3kug,2
2067,3kvy,2
2068,3ky7,2
2069,3kzu,2
2070,3l0g,2
2071,3l2d,2
2072,3l79,2
2073,3l8p,2
2074,3l9m,2
2075,3lau,2
2076,3lcu,2
2077,3lfb,2
2078,3lg6,2
2079,3ljs,2
2080,3llr,2
2081,3ln5,2
2082,3lq1,2
2083,3lr4,2
2084,3lu0,2
2085,3lw6,2
2086,3lzb,2
2087,3m2u,2
2088,3m4j,2
2089,3m5c,2
2090,3m7i,2
2091,3ma8,2
2092,3mbi,2
2093,3me3,2
2094,3mfi,2
2095,3mh0,2
2096,3miy,2
2097,3ml8,2
2098,3mo2,2
2099,3mpu,2
2100,3mrs,2
2101,3mt7,2
2102,3muf,2
2103,3mwv,2
2104,3n0b,2
2105,3n2e,2
2106,3n4k,2
2107,3n85,2
2108,3nay,2
2109,3nc2,2
2110,3nd7,2
2111,3new,2
2112,3ngt,2
2113,3nk7,2
2114,3nnu,2
2115,3np7,2
2116,3nrm,2
2117,3nue,2
2118,3nvk,2
2119,3nww,2
2120,3nys,2
2121,3o08,2
2122,3o23,2
2123,3o59,2
2124,3o78,2
2125,3o8n,2
2126,3ob7,2
2127,3oct,2
2128,3oe4,2
2129,3ogj,2
2130,3ohr,2
2131,3oju,2
2132,3ol7,2
2133,3om2,2
2134,3omv,2
2135,3ooy,2
2136,3oqn,2
2137,3os5,2
2138,3otd,2
2139,3ov7,2
2140,3owk,2
2141,3oy1,2
2142,3oze,2
2143,3p0m,2
2144,3p1d,2
2145,3p2w,2
2146,3p4i,2
2147,3p88,2
2148,3pa3,2
2149,3pb7,2
2150,3pdt,2
2151,3pfl,2
2152,3phb,2
2153,3pjc,2
2154,3pnb,2
2155,3po5,2
2156,3ppg,2
2157,3prf,2
2158,3pt1,2
2159,3pup,2
2160,3pw5,2
2161,3pxf,2
2162,3py8,2
2163,3pze,2
2164,3q0f,2
2165,3q24,2
2166,3q3v,2
2167,3q53,2
2168,3q74,2
2169,3q8r,2
2170,3q9y,2
2171,3qar,2
2172,3qbx,2
2173,3qd4,2
2174,3qfz,2
2175,3qgy,2
2176,3qkc,2
2177,3qmn,2
2178,3qpz,2
2179,3qqs,2
2180,3qs8,2
2181,3qtu,2
2182,3qv6,2
2183,3qwq,2
2184,3qz7,2
2185,3r0q,2
2186,3r22,2
2187,3r5a,2
2188,3r73,2
2189,3r7v,2
2190,3r8u,2
2191,3r9n,2
2192,3raw,2
2193,3rbd,2
2194,3re9,2
2195,3rgx,2
2196,3rin,2
2197,3rm6,2
2198,3roc,2
2199,3rpp,2
2200,3rr8,2
2201,3rtv,2
2202,3rwp,2
2203,3s0o,2
2204,3s28,2
2205,3s3j,2
2206,3s4c,2
2207,3s6k,2
2208,3s8s,2
2209,3saz,2
2210,3sg1,2
2211,3si2,2
2212,3skj,2
2213,3smj,2
2214,3spa,2
2215,3srf,2
2216,3st8,2
2217,3svm,2
2218,3swi,2
2219,3sxb,2
2220,3syr,2
2221,3t0t,2
2222,3t4j,2
2223,3t54,2
2224,3t7a,2
2225,3t99,2
2226,3tac,2
2227,3tbi,2
2228,3te9,2
2229,3tfv,2
2230,3ti1,2
2231,3tka,2
2232,3tlx,2
2233,3tnh,2
2234,3tob,2
2235,3tq1,2
2236,3tqx,2
2237,3tsp,2
2238,3tto,2
2239,3tvk,2
2240,3twv,2
2241,3tyc,2
2242,3tz4,2
2243,3tzy,2
2244,3u1q,2
2245,3u3j,2
2246,3u51,2
2247,3u87,2
2248,3ua3,2
2249,3uax,2
2250,3ucq,2
2251,3ue4,2
2252,3ug2,2
2253,3uim,2
2254,3umw,2
2255,3uod,2
2256,3upi,2
2257,3uqg,2
2258,3uu1,2
2259,3uvn,2
2260,3uwp,2
2261,3uzp,2
2262,3v0p,2
2263,3v4x,2
2264,3v66,2
2265,3v7w,2
2266,3v8r,2
2267,3v9p,2
2268,3vav,2
2269,3vbt,2
2270,3vdm,2
2271,3vgm,2
2272,3vj9,2
2273,3vmq,2
2274,3vom,2
2275,3vs1,2
2276,3vti,2
2277,3vuh,2
2278,3vvl,2
2279,3vzb,2
2280,3w0m,2
2281,3w13,2
2282,3w2c,2
2283,3w3z,2
2284,3w8q,2
2285,3wbl,2
2286,3wce,2
2287,3wd7,2
2288,3wf5,2
2289,3wfz,2
2290,3wjk,2
2291,3wnn,2
2292,3wsq,2
2293,3wxi,2
2294,3wze,2
2295,3x05,2
2296,3x1k,2
2297,3zbk,2
2298,3zcl,2
2299,3zdi,2
2300,3zet,2
2301,3zgg,2
2302,3zkf,2
2303,3zm4,2
2304,3zon,2
2305,3zrp,2
2306,3zsh,2
2307,3zsy,2
2308,3zto,2
2309,3zuv,2
2310,3zy5,2
2311,3zzw,2
2312,4a31,2
2313,4a6d,2
2314,4a8h,2
2315,4a95,2
2316,4aa7,2
2317,4ach,2
2318,4ae0,2
2319,4afj,2
2320,4ah9,2
2321,4ajw,2
2322,4am8,2
2323,4anf,2
2324,4aoa,2
2325,4app,2
2326,4asy,2
2327,4au7,2
2328,4aw1,2
2329,4ay5,2
2330,4aze,2
2331,4b11,2
2332,4b42,2
2333,4b7t,2
2334,4b9d,2
2335,4ba0,2
2336,4bc2,2
2337,4bch,2
2338,4bda,2
2339,4bdk,2
2340,4bet,2
2341,4bfx,2
2342,4bhl,2
2343,4bic,2
2344,4bjb,2
2345,4bkz,2
2346,4bp1,2
2347,4bqi,2
2348,4btk,2
2349,4bue,2
2350,4buy,2
2351,4bzo,2
2352,4c08,2
2353,4c2w,2
2354,4c3f,2
2355,4c4k,2
2356,4c61,2
2357,4c71,2
2358,4c8l,2
2359,4cb0,2
2360,4ce9,2
2361,4cer,2
2362,4cfb,2
2363,4cfw,2
2364,4cgj,2
2365,4chn,2
2366,4cig,2
2367,4cjl,2
2368,4ck0,2
2369,4cli,2
2370,4cnd,2
2371,4crj,2
2372,4ctc,2
2373,4cva,2
2374,4cxq,2
2375,4d0t,2
2376,4d2p,2
2377,4d4r,2
2378,4d8a,2
2379,4d9t,2
2380,4dae,2
2381,4dbn,2
2382,4ddz,2
2383,4dem,2
2384,4dfn,2
2385,4dg5,2
2386,4dh8,2
2387,4dk5,2
2388,4dl7,2
2389,4dn5,2
2390,4dqq,2
2391,4dsf,2
2392,4dwg,2
2393,4dym,2
2394,4e0f,2
2395,4e20,2
2396,4e2z,2
2397,4e4r,2
2398,4e6d,2
2399,4e7a,2
2400,4e8a,2
2401,4e9z,2
2402,4eaf,2
2403,4eb5,2
2404,4ebz,2
2405,4ect,2
2406,4ed3,2
2407,4edv,2
2408,4eff,2
2409,4eh7,2
2410,4ehx,2
2411,4ejn,2
2412,4eki,2
2413,4elu,2
2414,4eoi,2
2415,4eos,2
2416,4er3,2
2417,4esg,2
2418,4eu8,2
2419,4euu,2
2420,4eyi,2
2421,4ezj,2
2422,4f0i,2
2423,4f2r,2
2424,4f4i,2
2425,4f5a,2
2426,4f5x,2
2427,4f70,2
2428,4f86,2
2429,4f9m,2
2430,4fbu,2
2431,4feu,2
2432,4fg7,2
2433,4fhj,2
2434,4fif,2
2435,4fjz,2
2436,4fkp,2
2437,4fl0,2
2438,4flu,2
2439,4fmu,2
2440,4foe,2
2441,4fr1,2
2442,4frm,2
2443,4fsr,2
2444,4ft4,2
2445,4ftm,2
2446,4fv0,2
2447,4fvm,2
2448,4fwq,2
2449,4fxq,2
2450,4fz6,2
2451,4g16,2
2452,4g2f,2
2453,4g3g,2
2454,4g6i,2
2455,4g87,2
2456,4gc7,2
2457,4ge7,2
2458,4gfm,2
2459,4gh3,2
2460,4gk0,2
2461,4gkt,2
2462,4go7,2
2463,4gqn,2
2464,4gsr,2
2465,4gta,2
2466,4gtp,2
2467,4gud,2
2468,4gvy,2
2469,4gyh,2
2470,4h0n,2
2471,4h12,2
2472,4h36,2
2473,4h51,2
2474,4h71,2
2475,4hao,2
2476,4hcw,2
2477,4hds,2
2478,4hhy,2
2479,4hkm,2
2480,4hlk,2
2481,4hny,2
2482,4hoc,2
2483,4hrl,2
2484,4hu2,2
2485,4hvk,2
2486,4hy2,2
2487,4hzs,2
2488,4i21,2
2489,4i2d,2
2490,4i41,2
2491,4i5s,2
2492,4i86,2
2493,4iad,2
2494,4ib5,2
2495,4ieb,2
2496,4ig6,2
2497,4ihp,2
2498,4ijp,2
2499,4im9,2
2500,4iq1,2
2501,4iqz,2
2502,4is0,2
2503,4iti,2
2504,4iv8,2
2505,4iw9,2
2506,4ixx,2
2507,4j18,2
2508,4j52,2
2509,4j7i,2
2510,4j9b,2
2511,4j9m,2
2512,4jag,2
2513,4jat,2
2514,4jbr,2
2515,4jdi,2
2516,4jey,2
2517,4jgp,2
2518,4jh7,2
2519,4jjb,2
2520,4jl5,2
2521,4jlk,2
2522,4jmn,2
2523,4jp5,2
2524,4jr3,2
2525,4jsp,2
2526,4jte,2
2527,4jv1,2
2528,4jwh,2
2529,4jxu,2
2530,4jz9,2
2531,4k18,2
2532,4k3k,2
2533,4k4f,2
2534,4k6r,2
2535,4k96,2
2536,4kai,2
2537,4kbi,2
2538,4kcv,2
2539,4kfo,2
2540,4khm,2
2541,4kiq,2
2542,4km5,2
2544,4kq2,2
2545,4kqk,2
2546,4krl,2
2547,4ksp,2
2548,4ku8,2
2549,4kww,2
2550,4kz0,2
2551,4l0b,2
2552,4l1l,2
2553,4l31,2
2554,4l44,2
2555,4l5a,2
2556,4l6h,2
2557,4l7n,2
2558,4lb5,2
2559,4le9,2
2560,4lfi,2
2561,4li5,2
2562,4lk0,2
2563,4llb,2
2564,4lmv,2
2565,4loq,2
2566,4lrk,2
2567,4lsa,2
2568,4lv7,2
2569,4lw6,2
2570,4lzn,2
2571,4m0z,2
2572,4m37,2
2573,4m5i,2
2574,4m6q,2
2575,4m7p,2
2576,4mao,2
2577,4mch,2
2578,4mey,2
2579,4mfp,2
2580,4mgc,2
2581,4mhs,2
2582,4mia,2
2583,4mjs,2
2584,4mkg,2
2585,4mn6,2
2586,4mp2,2
2587,4mq2,2
2588,4mra,2
2589,4mtp,2
2590,4mxo,2
2591,4n08,2
2592,4n3r,2
2593,4n4v,2
2594,4n72,2
2595,4n99,2
2596,4na2,2
2597,4nau,2
2598,4ncz,2
2599,4nfm,2
2600,4nir,2
2601,4nks,2
2602,4nls,2
2603,4nm7,2
2604,4nr5,2
2605,4nts,2
2606,4nvq,2
2607,4ny1,2
2608,4nzw,2
2609,4o0t,2
2610,4o14,2
2611,4o1g,2
2612,4o2p,2
2613,4o3r,2
2614,4o4g,2
2615,4o6z,2
2616,4o9a,2
2617,4obw,2
2618,4ocv,2
2619,4ogk,2
2620,4oin,2
2621,4oll,2
2622,4onj,2
2623,4opx,2
2624,4ore,2
2625,4oth,2
2627,4ovu,2
2628,4owv,2
2629,4p0w,2
2630,4p5a,2
2631,4p7j,2
2632,4pax,2
2633,4pfq,2
2634,4piv,2
2635,4pml,2
2636,4pnp,2
2637,4pp9,2
2638,4psg,2
2639,4pu5,2
2640,4pvv,2
2641,4pyi,2
2642,4pz8,2
2643,4q0i,2
2644,4q1t,2
2645,4q43,2
2646,4q4s,2
2647,4q76,2
2648,4q8u,2
2649,4qbh,2
2650,4qdk,2
2651,4qeo,2
2652,4qga,2
2653,4qlb,2
2654,4qmu,2
2655,4qo9,2
2656,4qpa,2
2657,4qqg,2
2658,4qrh,2
2659,4qtc,2
2660,4qwa,2
2661,4qyg,2
2662,4qze,2
2663,4r1y,2
2664,4r38,2
2665,4r4m,2
2666,4r6e,2
2667,4r83,2
2668,4r9m,2
2669,4rao,2
2670,4rcp,2
2671,4rfv,2
2672,4rht,2
2673,4riy,2
2674,4rjk,2
2675,4rlo,2
2676,4rpv,2
2677,4rsv,2
2678,4rtp,2
2679,4ru9,2
2680,4rvl,2
2681,4rwq,2
2682,4ry5,2
2683,4rzw,2
2684,4s2c,2
2685,4s3i,2
2686,4tk1,2
2687,4tl0,2
2688,4tlr,2
2689,4tor,2
2690,4trc,2
2691,4tta,2
2692,4tv1,2
2693,4twc,2
2694,4txs,2
2695,4typ,2
2696,4u0z,2
2697,4u3v,2
2698,4u5w,2
2699,4u80,2
2700,4u9v,2
2701,4ubt,2
2702,4udb,2
2703,4ufx,2
2704,4ui7,2
2705,4ukd,2
2706,4un0,2
2707,4uoh,2
2708,4uqg,2
2709,4ut4,2
2710,4uvp,2
2711,4uwb,2
2712,4ux4,2
2713,4uxx,2
2714,4uze,2
2715,4v36,2
2716,4w4z,2
2717,4w82,2
2718,4wae,2
2719,4wbt,2
2720,4wh1,2
2721,4wih,2
2722,4wlz,2
2723,4woe,2
2724,4wqt,2
2725,4wsa,2
2726,4wtd,2
2727,4wtp,2
2728,4wwn,2
2729,4wxx,2
2730,4wys,2
2731,4x0q,2
2732,4x3f,2
2733,4x4q,2
2734,4x5a,2
2735,4x6r,2
2736,4x7w,2
2737,4x90,2
2738,4x9r,2
2739,4xcw,2
2740,4xef,2
2741,4xg4,2
2742,4xh4,2
2743,4xiv,2
2744,4xjp,2
2745,4xls,2
2746,4xp3,2
2747,4xr5,2
2748,4xsc,2
2749,4xuc,2
2750,4xvl,2
2751,4xwj,2
2752,4xz2,2
2753,4y12,2
2754,4y5f,2
2755,4y7f,2
2756,4y97,2
2757,4yc3,2
2758,4yff,2
2759,4yh2,2
2760,4yjk,2
2761,4yk0,2
2762,4ymi,2
2763,4yo6,2
2764,4ype,2
2765,4yq3,2
2766,4yqd,2
2767,4yqq,2
2768,4yrh,2
2769,4yuv,2
2770,4yvg,2
2771,4yxq,2
2772,4yzm,2
2773,4z1c,2
2774,4z5x,2
2775,4z9c,2
2776,4zav,2
2777,4zcr,2
2778,4zfq,2
2779,4zk5,2
2780,4zlo,2
2781,4zo4,2
2782,4zrl,2
2783,4zsy,2
2784,4ztv,2
2785,4zve,2
2786,4zy6,2
2787,4zyy,2
2788,5a01,2
2789,5a28,2
2790,5a4l,2
2791,5a6o,2
2792,5a8w,2
2793,5aae,2
2794,5adz,2
2795,5afv,2
2796,5ah2,2
2797,5ajn,2
2798,5al5,2
2799,5anj,2
2800,5ap5,2
2801,5ar8,2
2802,5av1,2
2803,5ax8,2
2804,5ayz,2
2805,5b1s,2
2806,5b76,2
2807,5bnb,2
2808,5bo7,2
2809,5bqp,2
2810,5bs5,2
2811,5bv7,2
2812,5bwt,2
2813,5bxo,2
2814,5bye,2
2815,5c1d,2
2816,5c36,2
2817,5c46,2
2818,5c51,2
2819,5c74,2
2820,5c8r,2
2821,5caa,2
2822,5cau,2
2823,5ccb,2
2824,5ccz,2
2825,5cf6,2
2826,5cgt,2
2827,5cjj,2
2828,5clw,2
2829,5cnn,2
2830,5cqb,2
2831,5cs6,2
2832,5csw,2
2833,5cu4,2
2834,5cvj,2
2835,5cxy,2
2836,5czh,2
2837,5d05,2
2838,5d3g,2
2839,5d56,2
2840,5d98,2
2841,5dal,2
2842,5dc2,2
2843,5dd7,2
2844,5dep,2
2845,5dfz,2
2846,5dgm,2
2847,5dhs,2
2848,5djr,2
2849,5dmn,2
2850,5dqg,2
2851,5dri,2
2852,5dt3,2
2853,5dvc,2
2854,5dwr,2
2855,5dxh,2
2856,5dz7,2
2857,5e1b,2
2858,5e2b,2
2859,5e4n,2
2860,5e7r,2
2861,5e8u,2
2862,5e9j,2
2863,5ec7,2
2864,5edw,2
2865,5egr,2
2866,5ei9,2
2867,5ej9,2
2868,5eke,2
2869,5em6,2
2870,5eob,2
2871,5eqc,2
2872,5ers,2
2873,5esw,2
2874,5etm,2
2875,5eub,2
2876,5ewy,2
2877,5ey7,2
2878,5f0s,2
2879,5f2z,2
2880,5f5e,2
2881,5f7o,2
2882,5f94,2
2883,5fbn,2
2884,5fdx,2
2885,5fe8,2
2886,5fi4,2
2887,5flm,2
2888,5fpf,2
2889,5ft8,2
2890,5fuh,2
2891,5fwa,2
2892,5g02,2
2893,5g22,2
2894,5g55,2
2895,5ggn,2
2896,5gjg,2
2897,5gqv,2
2898,5h12,2
2899,5h3z,2
2900,5h84,2
2901,5h9d,2
2902,5hc9,2
2903,5he3,2
2904,5hg8,2
2905,5hhy,2
2906,5hik,2
2907,5hki,2
2908,5hmy,2
2909,5hoa,2
2910,5hr7,2
2911,5hul,2
2912,5hwo,2
2913,5hxx,2
2914,5i06,2
2915,5i2d,2
2916,5i4u,2
2917,5i5y,2
2918,5i7o,2
2919,5i9w,2
2920,5iao,2
2921,5ids,2
2922,5ih2,2
2923,5ij7,2
2924,5il2,2
2925,5ior,2
2926,5iqd,2
2927,5ita,2
2928,5ium,2
2929,5ixt,2
2930,5j18,2
2931,5j2r,2
2932,5j6h,2
2933,5j8i,2
2934,5j9z,2
2935,5jcw,2
2936,5jfv,2
2937,5jin,2
2938,5jlb,2
2939,5jq8,2
2940,5jt2,2
2941,5jxs,2
2942,5k0c,2
2943,5k2o,2
2944,5k69,2
2945,5k9i,2
2946,5ke0,2
2947,5kfg,2
2948,5kfq,2
2949,5kg0,2
2950,5kh5,2
2951,5kjt,2
2952,5kmn,2
2953,5kp5,2
2954,5kpr,2
2955,5kt4,2
2956,5kts,2
2957,5kx8,2
2958,5l2i,2
2959,5l6o,2
2960,5l8k,2
2961,5lbg,2
2962,5lgw,2
2963,5lkt,2
2964,5lnq,2
2965,5lqc,2
2966,5lqu,2
2967,5lsz,2
2968,5lvq,2
2969,5lyh,2
2970,5m4f,2
2971,5m56,2
2972,5mg1,2
2973,5p8w,2
2974,5sx5,2
2975,5sxj,2
2976,5t14,2
2977,5t68,2
2978,5t8s,2
2979,5tey,2
2980,5tmf,2
2981,5tq4,2
2982,5trd,2
2983,5ttg,2
2984,5tze,2
2985,5u8l,2
2986,5ubt,2
2987,5uj0,2
2988,5usw,2
2989,6at1,2
2990,6gsx,2
2991,7jdw,2
2992,9aat,2
2993,107l,3
2994,118l,3
2995,128l,3
2996,139l,3
2997,149l,3
2998,159l,3
2999,169l,3
3000,180l,3
3001,190l,3
3002,1a0h,3
3003,1a2q,3
3004,1a3e,3
3005,1a4q,3
3006,1a5o,3
3007,1a74,3
3008,1a8r,3
3009,1abv,3
3010,1ae8,3
3011,1afl,3
3012,1aha,3
3013,1aim,3
3014,1ajp,3
3015,1aks,3
3016,1amp,3
3017,1ao5,3
3018,1apy,3
3019,1aqt,3
3020,1atl,3
3021,1au9,3
3022,1ava,3
3023,1awf,3
3024,1aye,3
3025,1az4,3
3026,1b0d,3
3027,1b1x,3
3028,1b3r,3
3029,1b59,3
3030,1b6g,3
3031,1b7e,3
3032,1b7x,3
3033,1b9t,3
3034,1bao,3
3035,1bbs,3
3036,1bdq,3
3037,1bf9,3
3038,1bgo,3
3039,1bio,3
3040,1bk1,3
3041,1bll,3
3042,1bmq,3
3043,1bnr,3
3044,1bpm,3
3045,1br1,3
3046,1bri,3
3047,1bs8,3
3048,1bsj,3
3049,1bth,3
3050,1bua,3
3051,1bve,3
3052,1bvv,3
3053,1bwq,3
3054,1bza,3
3055,1c0e,3
3056,1c1s,3
3057,1c27,3
3058,1c2l,3
3059,1c4u,3
3060,1c5o,3
3061,1c5y,3
3062,1c68,3
3063,1c6i,3
3064,1c6y,3
3065,1c7k,3
3066,1c85,3
3067,1c8y,3
3068,1c9p,3
3069,1cb6,3
3070,1ceb,3
3071,1cex,3
3072,1cgf,3
3073,1cho,3
3074,1cjy,3
3075,1cl8,3
3076,1cnm,3
3077,1cpj,3
3078,1cqy,3
3079,1ct4,3
3080,1cu5,3
3081,1cui,3
3082,1cuy,3
3083,1cvi,3
3084,1cwt,3
3085,1d02,3
3086,1d2w,3
3087,1d3v,3
3088,1d5d,3
3089,1d6t,3
3090,1d9i,3
3091,1dbz,3
3092,1def,3
3093,1dfp,3
3094,1dim,3
3095,1djh,3
3096,1dkj,3
3097,1dlk,3
3098,1dp0,3
3099,1ds2,3
3100,1dtz,3
3101,1dva,3
3102,1dwi,3
3103,1dy6,3
3104,1dym,3
3105,1e0w,3
3106,1e25,3
3107,1e3c,3
3108,1e4l,3
3109,1e5t,3
3110,1e72,3
3111,1e8t,3
3112,1ea6,3
3113,1eb1,3
3114,1ec3,3
3115,1edm,3
3116,1ef2,3
3117,1eha,3
3118,1ein,3
3119,1ejv,3
3120,1elc,3
3121,1ely,3
3122,1enm,3
3123,1eon,3
3124,1epo,3
3125,1eqe,3
3126,1es4,3
3127,1esi,3
3128,1euf,3
3129,1eve,3
3130,1ewo,3
3131,1exw,3
3132,1eyd,3
3133,1ezq,3
3134,1f0t,3
3135,1f2c,3
3136,1f34,3
3137,1f5k,3
3138,1f7e,3
3139,1f89,3
3140,1f9e,3
3141,1fb2,3
3142,1fbp,3
3143,1fcm,3
3144,1fej,3
3145,1fff,3
3146,1fh8,3
3147,1fiz,3
3148,1fju,3
3149,1flu,3
3150,1fmx,3
3151,1fo6,3
3152,1fph,3
3153,1fq6,3
3154,1frz,3
3155,1fsw,3
3156,1fv2,3
3157,1fwc,3
3158,1fx9,3
3159,1fy8,3
3160,1g07,3
3161,1g0q,3
3162,1g1g,3
3163,1g2l,3
3164,1g3d,3
3165,1g4k,3
3166,1g7g,3
3167,1g94,3
3168,1g9q,3
3169,1gah,3
3170,1gb8,3
3171,1gbi,3
3172,1gby,3
3173,1gdq,3
3174,1ge6,3
3175,1gf5,3
3176,1gfk,3
3177,1ggv,3
3178,1ghr,3
3179,1gi3,3
3180,1giu,3
3181,1gjd,3
3182,1gkq,3
3183,1gm9,3
3184,1gns,3
3185,1goi,3
3186,1gpf,3
3187,1gqf,3
3188,1gtp,3
3189,1gvw,3
3190,1gxv,3
3191,1h0d,3
3192,1h1h,3
3193,1h3g,3
3194,1h52,3
3195,1h70,3
3196,1h8i,3
3197,1hag,3
3198,1hbt,3
3199,1hdq,3
3200,1hep,3
3201,1hfs,3
3202,1hi2,3
3203,1hj8,3
3204,1hjz,3
3205,1hn1,3
3206,1hov,3
3207,1hpm,3
3208,1hqh,3
3209,1hsh,3
3210,1htr,3
3211,1hv1,3
3212,1hwo,3
3213,1hy7,3
3214,1i0b,3
3215,1i22,3
3216,1i3a,3
3217,1i5k,3
3218,1i74,3
3219,1i9y,3
3220,1iav,3
3221,1ice,3
3222,1iee,3
3223,1ift,3
3224,1iht,3
3225,1ijp,3
3226,1ilz,3
3227,1in4,3
3228,1inp,3
3229,1iod,3
3230,1ip2,3
3231,1iqe,3
3232,1iqq,3
3233,1is9,3
3234,1isx,3
3235,1itu,3
3236,1ivc,3
3237,1iwd,3
3238,1ix0,3
3239,1iy3,3
3240,1iz8,3
3241,1j00,3
3242,1j0i,3
3243,1j16,3
3244,1j1p,3
3245,1j2t,3
3246,1j4g,3
3247,1j7n,3
3248,1j8v,3
3249,1ja4,3
3250,1jaw,3
3251,1jdc,3
3252,1jfx,3
3253,1jhl,3
3254,1jiw,3
3255,1jjf,3
3256,1jke,3
3257,1jn4,3
3258,1jq7,3
3259,1js0,3
3260,1jtg,3
3261,1juf,3
3262,1jwe,3
3263,1jxj,3
3264,1jyx,3
3265,1k0z,3
3266,1k1t,3
3267,1k2i,3
3268,1k4e,3
3269,1k5b,3
3270,1k6r,3
3271,1k7h,3
3272,1k9f,3
3273,1kaa,3
3274,1kbc,3
3275,1kdq,3
3276,1ke3,3
3277,1kf5,3
3278,1kg4,3
3279,1kh4,3
3280,1khp,3
3281,1kit,3
3282,1kkk,3
3283,1kn9,3
3284,1kpa,3
3285,1kqu,3
3286,1kre,3
3287,1ks8,3
3288,1ktc,3
3289,1kui,3
3290,1kvl,3
3291,1kwk,3
3292,1kxr,3
3293,1ky9,3
3294,1l04,3
3295,1l0j,3
3296,1l16,3
3297,1l20,3
3298,1l2a,3
3299,1l34,3
3300,1l43,3
3301,1l51,3
3302,1l5x,3
3303,1l69,3
3304,1l76,3
3305,1l7p,3
3306,1l86,3
3307,1l8s,3
3308,1l99,3
3309,1lav,3
3310,1lbx,3
3311,1ldt,3
3312,1lf4,3
3313,1lgu,3
3314,1lhi,3
3315,1li6,3
3316,1ljk,3
3317,1ll7,3
3318,1lmc,3
3319,1lmz,3
3320,1lns,3
3321,1loy,3
3322,1lpm,3
3323,1lqe,3
3324,1lry,3
3325,1lsp,3
3326,1lw9,3
3327,1lya,3
3328,1lys,3
3329,1lz8,3
3330,1lzq,3
3331,1m0d,3
3332,1m2n,3
3333,1m40,3
3334,1m7r,3
3335,1mai,3
3336,1mct,3
3337,1mel,3
3338,1mgr,3
3339,1mii,3
3340,1mki,3
3341,1mm3,3
3342,1mmr,3
3343,1mom,3
3344,1mq7,3
3345,1mrh,3
3346,1ms5,3
3347,1mt8,3
3348,1mtz,3
3349,1mui,3
3350,1mwi,3
3351,1mxo,3
3352,1n1s,3
3353,1n3e,3
3354,1n51,3
3355,1n82,3
3356,1nb8,3
3357,1nca,3
3358,1ndu,3
3359,1nf9,3
3360,1ngf,3
3361,1ni0,3
3362,1nkq,3
3363,1nln,3
3364,1nmq,3
3365,1nny,3
3366,1npc,3
3367,1nqy,3
3368,1nsb,3
3369,1nu0,3
3370,1nuz,3
3371,1nwl,3
3372,1nz0,3
3373,1o0e,3
3374,1o12,3
3375,1o2m,3
3376,1o2w,3
3377,1o36,3
3378,1o3g,3
3379,1o3w,3
3380,1o5f,3
3381,1o7e,3
3382,1oa7,3
3383,1obs,3
3384,1ocq,3
3385,1odw,3
3386,1oet,3
3387,1ogh,3
3388,1oht,3
3389,1ojj,3
3390,1om8,3
3391,1onw,3
3392,1oph,3
3393,1orw,3
3394,1ouc,3
3395,1ouv,3
3396,1owh,3
3397,1oxl,3
3398,1oyv,3
3399,1p04,3
3400,1p11,3
3401,1p2n,3
3402,1p49,3
3403,1p6b,3
3404,1p7s,3
3405,1p8q,3
3406,1paf,3
3407,1pc9,3
3408,1pe8,3
3409,1pi4,3
3410,1pjj,3
3411,1pm5,3
3412,1pnm,3
3413,1pok,3
3414,1ppf,3
3415,1ppx,3
3416,1pqk,3
3417,1pso,3
3418,1pu3,3
3419,1pvs,3
3420,1pwp,3
3421,1py3,3
3422,1pzp,3
3423,1q1m,3
3424,1q2u,3
3425,1q3c,3
3426,1q4t,3
3427,1q6f,3
3428,1q74,3
3429,1q8f,3
3430,1qa3,3
3431,1qbb,3
3432,1qcg,3
3433,1qde,3
3434,1qfc,3
3435,1qh3,3
3436,1qhp,3
3437,1qia,3
3438,1qik,3
3439,1qjv,3
3440,1qlg,3
3441,1qnq,3
3442,1qps,3
3443,1qr3,3
3444,1qs5,3
3445,1qt8,3
3446,1qtv,3
3447,1qur,3
3448,1qwy,3
3449,1qz0,3
3450,1r16,3
3451,1r3m,3
3452,1r4q,3
3453,1r5h,3
3454,1r86,3
3455,1ra5,3
3456,1rbf,3
3457,1rbv,3
3458,1rcl,3
3459,1rds,3
3460,1rex,3
3461,1rga,3
3462,1rgt,3
3463,1rhl,3
3464,1rjc,3
3465,1rku,3
3466,1rlt,3
3467,1rn4,3
3468,1rnn,3
3469,1ro6,3
3470,1rpf,3
3471,1rqn,3
3472,1rsn,3
3473,1rv5,3
3474,1rwo,3
3475,1rxw,3
3476,1rzo,3
3477,1s0g,3
3478,1s2j,3
3479,1s4b,3
3480,1s6o,3
3481,1s85,3
3482,1sar,3
3483,1sbw,3
3484,1scn,3
3485,1sel,3
3486,1sg3,3
3487,1sgq,3
3488,1shn,3
3489,1sk9,3
3490,1sln,3
3491,1sml,3
3492,1snm,3
3493,1sot,3
3494,1sqj,3
3495,1ssa,3
3496,1st4,3
3497,1su1,3
3498,1suz,3
3499,1svp,3
3500,1sxk,3
3501,1sz3,3
3502,1t2i,3
3503,1t3m,3
3504,1t4p,3
3505,1t5s,3
3506,1t6n,3
3507,1t8l,3
3508,1t9h,3
3509,1ta6,3
3510,1tbb,3
3511,1tbz,3
3512,1td7,3
3513,1tem,3
3514,1tg6,3
3515,1th0,3
3517,1tk3,3
3518,1tlo,3
3519,1tml,3
3520,1tnl,3
3521,1tpk,3
3522,1tq6,3
3523,1tqv,3
3524,1trq,3
3525,1tue,3
3526,1tx3,3
3527,1tyn,3
3528,1tzp,3
3529,1u1b,3
3530,1u2y,3
3531,1u60,3
3532,1u7p,3
3533,1u9x,3
3534,1ubn,3
3535,1uci,3
3536,1ud6,3
3537,1uf4,3
3538,1uh3,3
3539,1uia,3
3540,1uip,3
3541,1uk6,3
3542,1ukr,3
3543,1ums,3
3544,1uop,3
3545,1uq5,3
3546,1urb,3
3547,1usx,3
3548,1utp,3
3549,1uvo,3
3550,1uwt,3
3551,1uy1,3
3552,1v02,3
3553,1v0m,3
3554,1v13,3
3555,1v2q,3
3556,1v3d,3
3557,1v5t,3
3558,1v77,3
3559,1v8l,3
3560,1v96,3
3561,1vat,3
3562,1vcu,3
3563,1vdq,3
3564,1vem,3
3565,1vfe,3
3566,1vgn,3
3567,1vi8,3
3568,1vja,3
3569,1vkq,3
3570,1vpm,3
3571,1vxo,3
3572,1w08,3
3573,1w11,3
3574,1w1v,3
3575,1w2t,3
3576,1w3l,3
3577,1w5y,3
3578,1w7g,3
3579,1w91,3
3580,1w9x,3
3581,1wb6,3
3582,1wcv,3
3583,1wdr,3
3584,1wgj,3
3585,1whv,3
3586,1wlj,3
3587,1wn2,3
3588,1woi,3
3589,1wpp,3
3590,1wr8,3
3591,1wsh,3
3592,1wu0,3
3593,1wur,3
3594,1ww6,3
3595,1wyw,3
3596,1x12,3
3597,1x38,3
3598,1x6l,3
3599,1xax,3
3600,1xd1,3
3601,1xeo,3
3602,1xgm,3
3603,1xh0,3
3604,1xka,3
3605,1xlv,3
3606,1xmb,3
3607,1xnb,3
3608,1xor,3
3609,1xpo,3
3610,1xri,3
3611,1xs1,3
3612,1xt9,3
3613,1xug,3
3614,1xvm,3
3615,1xx2,3
3616,1xxw,3
3617,1xzd,3
3618,1xzp,3
3619,1y2c,3
3620,1y3b,3
3621,1y3x,3
3622,1y54,3
3623,1y6q,3
3624,1y7o,3
3625,1y9m,3
3626,1yal,3
3627,1yc0,3
3628,1yf4,3
3629,1ygw,3
3630,1yj3,3
3631,1yks,3
3632,1ylj,3
3633,1yme,3
3634,1yna,3
3635,1yp9,3
3636,1yq2,3
3637,1yr6,3
3638,1ysb,3
3639,1ytj,3
3640,1yvg,3
3641,1ywp,3
3642,1yyk,3
3643,1yze,3
3644,1z1r,3
3645,1z4j,3
3646,1z4z,3
3647,1z68,3
3648,1z76,3
3649,1z8l,3
3650,1zbf,3
3651,1zcl,3
3652,1zef,3
3653,1zgv,3
3654,1zix,3
3655,1zkn,3
3656,1zli,3
3657,1zn3,3
3658,1zp8,3
3659,1zr0,3
3660,1zsj,3
3661,1zur,3
3662,1zwy,3
3663,1zyx,3
3664,207l,3
3665,217l,3
3666,227l,3
3667,237l,3
3668,247l,3
3669,257l,3
3670,2a11,3
3671,2a31,3
3672,2a3l,3
3673,2a4o,3
3674,2a6u,3
3675,2a7w,3
3676,2a8p,3
3677,2a9u,3
3678,2ac1,3
3679,2adu,3
3680,2aey,3
3681,2ah2,3
3682,2ai9,3
3683,2ajb,3
3684,2alw,3
3685,2anm,3
3686,2aof,3
3687,2aqo,3
3688,2asi,3
3689,2aum,3
3690,2avs,3
3691,2ayk,3
3692,2azy,3
3693,2b0f,3
3694,2b2w,3
3695,2b45,3
3696,2b5r,3
3697,2b6y,3
3698,2b7u,3
3699,2b96,3
3700,2bb0,3
3701,2bch,3
3702,2bda,3
3703,2bdz,3
3704,2bfq,3
3705,2bgn,3
3706,2bhy,3
3707,2bjj,3
3708,2bl2,3
3709,2blz,3
3710,2bo5,3
3711,2bp2,3
3712,2bq8,3
3713,2bqj,3
3714,2br2,3
3715,2buc,3
3716,2bvt,3
3717,2bwu,3
3718,2bxy,3
3719,2by8,3
3720,2bzl,3
3721,2c0y,3
3722,2c2o,3
3723,2c4f,3
3724,2c5l,3
3725,2c78,3
3726,2c8p,3
3727,2c9o,3
3728,2cc1,3
3729,2cek,3
3730,2cf8,3
3731,2chn,3
3732,2cip,3
3733,2cka,3
3734,2cly,3
3735,2cmf,3
3736,2cnh,3
3737,2cpw,3
3738,2cvr,3
3739,2czh,3
3740,2d0b,3
3741,2d1n,3
3742,2d2h,3
3743,2d44,3
3744,2d5j,3
3745,2d80,3
3746,2dak,3
3747,2dc9,3
3748,2dcm,3
3749,2ddt,3
3750,2def,3
3751,2dfe,3
3752,2dhd,3
3753,2dkf,3
3754,2dn7,3
3755,2dp4,3
3756,2dqd,3
3757,2dqv,3
3758,2dsb,3
3759,2dvc,3
3760,2dwi,3
3761,2dxp,3
3762,2dzz,3
3763,2e0s,3
3764,2e2d,3
3765,2e4t,3
3766,2e6c,3
3767,2e8o,3
3768,2eab,3
3769,2ebn,3
3770,2ee5,3
3771,2eg8,3
3772,2eiv,3
3773,2eo0,3
3774,2epn,3
3775,2erh,3
3776,2eug,3
3777,2ewy,3
3778,2exj,3
3779,2eyj,3
3780,2f0e,3
3781,2f0o,3
3782,2f10,3
3783,2f1x,3
3784,2f2h,3
3785,2f3w,3
3786,2f5m,3
3787,2f6e,3
3788,2f73,3
3789,2f83,3
3790,2f9o,3
3791,2fbp,3
3792,2fde,3
3793,2ff2,3
3794,2fh6,3
3795,2fhr,3
3796,2fiv,3
3797,2fkb,3
3798,2flw,3
3799,2fmk,3
3800,2foe,3
3801,2fp3,3
3802,2fqq,3
3803,2ftd,3
3804,2fuf,3
3805,2fvv,3
3806,2fxz,3
3807,2g09,3
3808,2g21,3
3809,2g3i,3
3810,2g4f,3
3811,2g51,3
3812,2g5t,3
3813,2g7e,3
3814,2g8e,3
3815,2g8v,3
3816,2ga3,3
3817,2gbz,3
3818,2gef,3
3819,2gg2,3
3820,2ggp,3
3821,2gj8,3
3822,2gk7,3
3823,2gmk,3
3824,2gpl,3
3825,2gso,3
3826,2gu0,3
3827,2gv1,3
3828,2gwn,3
3829,2gz7,3
3830,2h0f,3
3831,2h1l,3
3832,2h2u,3
3833,2h4i,3
3834,2h5c,3
3835,2h6a,3
3836,2h8g,3
3837,2ha3,3
3838,2hb2,3
3839,2hbq,3
3840,2hcm,3
3841,2hdu,3
3842,2hf2,3
3843,2him,3
3844,2hlc,3
3845,2hoh,3
3846,2hpo,3
3847,2hrv,3
3848,2ht1,3
3849,2hty,3
3850,2huc,3
3851,2hwk,3
3852,2hxy,3
3853,2hzy,3
3854,2i3c,3
3855,2i4e,3
3856,2i50,3
3857,2i6o,3
3858,2i7d,3
3859,2iap,3
3860,2ic8,3
3861,2ien,3
3862,2ifv,3
3863,2ihs,3
3864,2ik6,3
3865,2ima,3
3866,2in9,3
3867,2iph,3
3868,2is6,3
3869,2iw0,3
3870,2ixs,3
3871,2j0e,3
3872,2j1l,3
3873,2j3d,3
3874,2j4q,3
3875,2j70,3
3876,2j7c,3
3877,2j88,3
3878,2j9a,3
3879,2jau,3
3880,2jbw,3
3881,2jea,3
3882,2jez,3
3883,2jge,3
3884,2jh5,3
3885,2jiz,3
3886,2jka,3
3887,2jlw,3
3888,2jog,3
3889,2jt5,3
3890,2k11,3
3891,2k4p,3
3892,2k9c,3
3893,2kc8,3
3894,2kf6,3
3895,2klh,3
3896,2kno,3
3897,2ksv,3
3898,2l2d,3
3899,2l67,3
3900,2l8b,3
3901,2lcb,3
3902,2lhi,3
3903,2lna,3
3904,2lrr,3
3905,2lvz,3
3906,2m00,3
3907,2m65,3
3908,2mbc,3
3909,2mec,3
3910,2mhs,3
3911,2mqk,3
3912,2mx2,3
3913,2n5k,3
3914,2nl9,3
3915,2nnk,3
3916,2nq7,3
3917,2nr9,3
3918,2nt6,3
3919,2ntp,3
3920,2nug,3
3921,2nwn,3
3922,2nyq,3
3923,2o0j,3
3924,2o3b,3
3925,2o4e,3
3926,2o5w,3
3927,2o8h,3
3928,2o9p,3
3929,2oc2,3
3930,2od3,3
3931,2oe4,3
3932,2ofo,3
3933,2okb,3
3934,2oli,3
3935,2ooq,3
3936,2oqf,3
3937,2os1,3
3938,2oth,3
3939,2ouk,3
3940,2ov5,3
3941,2ow6,3
3942,2oxb,3
3943,2oxw,3
3944,2oz2,3
3945,2p2c,3
3946,2p3f,3
3947,2p47,3
3948,2p67,3
3949,2p76,3
3950,2p8s,3
3951,2pa0,3
3952,2pby,3
3953,2pf2,3
3954,2phi,3
3955,2pj6,3
3956,2pji,3
3957,2pl3,3
3958,2pmw,3
3959,2poo,3
3960,2pqy,3
3961,2psy,3
3962,2puj,3
3963,2pvw,3
3964,2pwx,3
3965,2pzh,3
3966,2q0z,3
3967,2q4d,3
3968,2q63,3
3969,2q8j,3
3970,2q9e,3
3971,2qb0,3
3972,2qci,3
3973,2qdm,3
3974,2qf0,3
3975,2qhc,3
3976,2qje,3
3977,2ql9,3
3978,2qmp,3
3979,2qom,3
3980,2qqw,3
3981,2qtb,3
3982,2quy,3
3983,2qvv,3
3984,2qwj,3
3985,2qxi,3
3986,2qyn,3
3987,2r0l,3
3988,2r28,3
3989,2r3y,3
3990,2r6g,3
3991,2r8t,3
3992,2r9o,3
3993,2rb0,3
3994,2rbq,3
3995,2reu,3
3996,2rh1,3
3997,2rjp,3
3998,2rla,3
3999,2rns,3
4000,2rqa,3
4001,2rve,3
4002,2sgq,3
4003,2spt,3
4004,2tga,3
4005,2tpi,3
4006,2uuk,3
4007,2uy2,3
4008,2uz9,3
4009,2v10,3
4010,2v38,3
4011,2v3y,3
4012,2v5y,3
4013,2v8m,3
4014,2vb0,3
4015,2vc4,3
4016,2veu,3
4017,2vfq,3
4018,2vh7,3
4019,2vip,3
4020,2vjx,3
4021,2vla,3
4022,2vnd,3
4023,2vot,3
4024,2vqq,3
4025,2vrq,3
4026,2vsw,3
4027,2vu9,3
4028,2vvu,3
4029,2vwo,3
4030,2vyo,3
4031,2w0d,3
4032,2w1v,3
4033,2w2o,3
4034,2w3t,3
4035,2w4p,3
4036,2w5m,3
4037,2w6d,3
4038,2waa,3
4039,2wax,3
4040,2wc3,3
4041,2wdp,3
4042,2wed,3
4043,2wg6,3
4044,2whh,3
4045,2wi0,3
4046,2wiz,3
4047,2wk2,3
4048,2wlq,3
4049,2wni,3
4050,2wph,3
4051,2wrs,3
4052,2wu1,3
4053,2wuw,3
4054,2wwy,3
4055,2wyg,3
4056,2wze,3
4057,2x0b,3
4058,2x3c,3
4059,2x7m,3
4060,2x8z,3
4061,2x9h,3
4062,2xby,3
4063,2xcy,3
4064,2xfr,3
4065,2xhm,3
4066,2xje,3
4067,2xln,3
4068,2xn1,3
4069,2xow,3
4070,2xqk,3
4071,2xrp,3
4072,2xsz,3
4073,2xu3,3
4074,2xuj,3
4075,2xw9,3
4076,2xy3,3
4077,2xze,3
4078,2y1h,3
4079,2y2e,3
4080,2y55,3
4081,2y6c,3
4082,2y6u,3
4083,2y8v,3
4084,2ya4,3
4085,2yb9,3
4086,2yd1,3
4087,2ydc,3
4088,2yet,3
4089,2yfo,3
4090,2yj3,3
4091,2yjv,3
4092,2ylm,3
4093,2ypc,3
4094,2ys1,3
4095,2yvc,3
4096,2yxp,3
4097,2z00,3
4098,2z1h,3
4099,2z29,3
4100,2z37,3
4101,2z3i,3
4102,2z5g,3
4103,2z8x,3
4104,2zae,3
4105,2zbg,3
4106,2zd8,3
4107,2zeb,3
4108,2zg0,3
4109,2zgo,3
4110,2zhf,3
4111,2ziq,3
4112,2zj6,3
4113,2zkm,3
4114,2zm2,3
4115,2znk,3
4116,2zog,3
4117,2zq0,3
4118,2zqc,3
4119,2zrd,3
4120,2zrn,3
4121,2ztx,3
4122,2zun,3
4123,2zx7,3
4124,2zyc,3
4125,3a0f,3
4126,3a22,3
4127,3a34,3
4128,3a3q,3
4129,3a4a,3
4130,3a5d,3
4131,3a6d,3
4132,3a6t,3
4133,3a7t,3
4134,3a84,3
4135,3a8z,3
4136,3aa4,3
4137,3ac0,3
4138,3afk,3
4139,3ahs,3
4140,3aig,3
4141,3aiv,3
4142,3akg,3
4143,3alg,3
4144,3amp,3
4145,3aof,3
4146,3ar6,3
4147,3ars,3
4148,3as2,3
4149,3atw,3
4150,3awf,3
4151,3ays,3
4152,3azy,3
4153,3b2j,3
4154,3b36,3
4155,3b3x,3
4156,3b69,3
4157,3b7m,3
4158,3b8j,3
4159,3b9p,3
4160,3bax,3
4161,3bcd,3
4162,3bdl,3
4163,3bf0,3
4164,3bfo,3
4165,3bh4,3
4166,3biu,3
4167,3bkk,3
4168,3bls,3
4169,3boo,3
4170,3bpq,3
4171,3bt1,3
4172,3btq,3
4173,3bv9,3
4174,3bwi,3
4175,3byd,3
4176,3c1k,3
4177,3c4o,3
4178,3c7f,3
4179,3c7y,3
4180,3c8b,3
4181,3c9q,3
4182,3cbj,3
4183,3cdt,3
4184,3cf3,3
4185,3chf,3
4186,3cjk,3
4187,3cl7,3
4188,3cn7,3
4189,3cqb,3
4190,3cs7,3
4191,3cuh,3
4192,3cwt,3
4193,3cz4,3
4194,3czn,3
4195,3d1x,3
4196,3d2o,3
4197,3d4b,3
4198,3d50,3
4199,3d60,3
4200,3d6e,3
4201,3d7f,3
4202,3d8z,3
4203,3dbo,3
4204,3dda,3
4205,3de3,3
4206,3dei,3
4207,3dgy,3
4208,3dhq,3
4209,3dj8,3
4210,3dkk,3
4211,3dmu,3
4212,3dn8,3
4213,3doi,3
4214,3dsd,3
4215,3dtk,3
4216,3dw8,3
4217,3dx4,3
4218,3dym,3
4219,3dzi,3
4220,3e1u,3
4221,3e3u,3
4222,3e4a,3
4223,3e74,3
4224,3e91,3
4225,3ea9,3
4226,3ebc,3
4227,3ecm,3
4228,3edg,3
4229,3ee0,3
4230,3ef1,3
4231,3ehy,3
4232,3ej5,3
4233,3eke,3
4234,3el4,3
4235,3emj,3
4236,3enh,3
4237,3eq9,3
4238,3erj,3
4239,3esw,3
4240,3ev1,3
4241,3ewf,3
4242,3exu,3
4243,3f0r,3
4244,3f28,3
4245,3f5k,3
4246,3f75,3
4247,3f98,3
4248,3f9o,3
4249,3fb0,3
4250,3fcq,3
4251,3fed,3
4252,3fgd,3
4253,3fh8,3
4254,3fii,3
4255,3fl3,3
4256,3fn9,3
4257,3fqd,3
4258,3fsn,3
4259,3fu0,3
4260,3fuk,3
4261,3fvj,3
4262,3fx5,3
4263,3fxy,3
4264,3fzz,3
4265,3g0i,3
4266,3g1u,3
4267,3g31,3
4268,3g3w,3
4269,3g4t,3
4270,3g6m,3
4271,3g8q,3
4272,3ga6,3
4273,3gcn,3
4274,3gdu,3
4275,3gg6,3
4277,3glj,3
4278,3gnr,3
4279,3gpt,3
4280,3gr2,3
4281,3gt3,3
4282,3guo,3
4283,3gvp,3
4284,3gxn,3
4285,3gy7,3
4286,3h0e,3
4287,3h2g,3
4288,3h4p,3
4289,3h61,3
4290,3h6i,3
4291,3h7k,3
4292,3h95,3
4293,3hbd,3
4294,3hd0,3
4295,3hej,3
4296,3hgn,3
4297,3hi2,3
4298,3hjr,3
4299,3hli,3
4300,3hn3,3
4301,3hqc,3
4302,3hrz,3
4304,3hua,3
4305,3hvq,3
4306,3hzc,3
4307,3i1l,3
4308,3i2h,3
4309,3i3b,3
4310,3i5v,3
4311,3i6m,3
4312,3i7i,3
4313,3i93,3
4314,3iab,3
4315,3ib1,3
4316,3icf,3
4317,3ie0,3
4318,3ifc,3
4319,3iho,3
4320,3ij9,3
4321,3inw,3
4322,3iqx,3
4323,3it2,3
4324,3itp,3
4325,3iw3,3
4326,3ixd,3
4327,3j15,3
4328,3j94,3
4329,3ja8,3
4330,3jql,3
4331,3jru,3
4332,3jtq,3
4333,3jw8,3
4334,3jyu,3
4335,3k2r,3
4336,3k3h,3
4337,3k4s,3
4338,3k7e,3
4339,3k8m,3
4340,3kbz,3
4341,3kds,3
4342,3kf2,3
4343,3khz,3
4344,3kjf,3
4345,3kl5,3
4346,3knf,3
4347,3koc,3
4348,3kql,3
4349,3kse,3
4350,3ku0,3
4351,3kvz,3
4352,3kx1,3
4353,3l0t,3
4354,3l2b,3
4355,3l4e,3
4356,3l64,3
4357,3l8g,3
4358,3lc5,3
4359,3lez,3
4360,3lgs,3
4361,3li4,3
4362,3lj7,3
4363,3lk8,3
4364,3lmv,3
4365,3loj,3
4366,3lpp,3
4367,3ls7,3
4368,3lun,3
4369,3lxs,3
4370,3lyz,3
4371,3m0c,3
4372,3m36,3
4373,3m3v,3
4374,3m61,3
4375,3m7q,3
4376,3mat,3
4377,3mdq,3
4378,3mfd,3
4379,3mg8,3
4380,3mhw,3
4381,3mjm,3
4382,3mkf,3
4383,3mnc,3
4384,3mow,3
4385,3mqy,3
4386,3msg,3
4387,3mu4,3
4388,3mv1,3
4389,3mwi,3
4390,3mxe,3
4391,3mz3,3
4392,3mzq,3
4393,3n18,3
4394,3n2u,3
4395,3n3w,3
4396,3n58,3
4397,3n7b,3
4398,3n9a,3
4399,3nck,3
4400,3ndv,3
4401,3nfc,3
4402,3ngz,3
4403,3nia,3
4404,3nk8,3
4405,3nkq,3
4406,3nn7,3
4407,3nqy,3
4408,3nss,3
4409,3num,3
4410,3nx9,3
4411,3nya,3
4412,3o0u,3
4413,3o2x,3
4414,3o4m,3
4415,3o5t,3
4416,3o86,3
4417,3o9k,3
4418,3obi,3
4419,3ocv,3
4420,3oe0,3
4421,3of8,3
4422,3ogg,3
4423,3oho,3
4424,3old,3
4425,3onw,3
4426,3opr,3
4427,3orw,3
4428,3ou0,3
4429,3oxc,3
4430,3ozp,3
4431,3p2m,3
4432,3p3f,3
4433,3p5j,3
4434,3p6b,3
4435,3p7s,3
4436,3p8o,3
4437,3pb1,3
4438,3pct,3
4439,3pdh,3
4440,3pew,3
4441,3pga,3
4442,3pij,3
4443,3pki,3
4444,3pm4,3
4445,3pn3,3
4446,3poe,3
4447,3prm,3
4448,3psn,3
4449,3puf,3
4450,3pv1,3
4451,3pxj,3
4452,3pzu,3
4453,3q2h,3
4454,3q44,3
4455,3q5v,3
4456,3q8k,3
4457,3qb3,3
4458,3qce,3
4459,3qd7,3
4460,3qfh,3
4461,3qh5,3
4462,3qih,3
4463,3qj3,3
4464,3qkq,3
4465,3qlc,3
4466,3qn1,3
4467,3qnw,3
4468,3qpd,3
4469,3qr3,3
4470,3qsk,3
4471,3qu9,3
4472,3qw7,3
4473,3qxg,3
4474,3r0l,3
4475,3r3d,3
4476,3r40,3
4477,3r6e,3
4478,3rat,3
4479,3rf0,3
4480,3rid,3
4481,3rjy,3
4482,3rlg,3
4483,3rm9,3
4484,3rnt,3
4485,3rom,3
4486,3rrn,3
4487,3rts,3
4488,3rvw,3
4489,3rxd,3
4490,3rxo,3
4491,3ryd,3
4492,3s0q,3
4493,3s3k,3
4494,3s53,3
4495,3s6t,3
4496,3s9b,3
4497,3sas,3
4498,3sba,3
4499,3sck,3
4500,3scv,3
4501,3sf0,3
4502,3sgq,3
4503,3shq,3
4504,3sii,3
4505,3sji,3
4506,3sk9,3
4507,3sl6,3
4508,3sn8,3
4509,3snl,3
4510,3spd,3
4511,3sqf,3
4512,3sre,3
4513,3ssc,3
4514,3stn,3
4515,3sw2,3
4516,3sz7,3
4517,3t09,3
4518,3t1g,3
4519,3t2h,3
4520,3t41,3
4521,3t6u,3
4522,3t8c,3
4523,3t91,3
4524,3tb3,3
4525,3td2,3
4526,3tg2,3
4527,3th0,3
4528,3thj,3
4529,3tit,3
4530,3tk6,3
4531,3tli,3
4532,3tmx,3
4533,3tnv,3
4534,3tp7,3
4535,3tqu,3
4536,3ts6,3
4537,3tta,3
4538,3tuz,3
4539,3txd,3
4540,3ty6,3
4541,3u1j,3
4542,3u4i,3
4543,3u6f,3
4544,3u72,3
4545,3u8b,3
4546,3u97,3
4547,3uel,3
4548,3ug5,3
4549,3ujl,3
4550,3umj,3
4551,3unw,3
4552,3upc,3
4553,3ur2,3
4554,3ure,3
4555,3usz,3
4556,3uw0,3
4557,3v12,3
4558,3v1z,3
4559,3v33,3
4560,3v4k,3
4561,3v5m,3
4562,3v93,3
4563,3va0,3
4564,3vbz,3
4565,3vdc,3
4566,3vff,3
4567,3vgd,3
4568,3vht,3
4569,3vin,3
4570,3vk8,3
4571,3vn4,3
4572,3vp1,3
4573,3vsb,3
4574,3vtr,3
4575,3vwr,3
4576,3vyd,3
4577,3vzl,3
4578,3w27,3
4579,3w40,3
4580,3w52,3
4581,3w5n,3
4582,3w6o,3
4583,3w82,3
4584,3way,3
4585,3wd1,3
4586,3wdp,3
4587,3we3,3
4588,3wf4,3
4589,3wh1,3
4590,3wi2,3
4591,3wj2,3
4592,3wkc,3
4593,3wl2,3
4594,3wlm,3
4595,3wmk,3
4596,3woi,3
4597,3wp3,3
4598,3wpz,3
4599,3wql,3
4600,3wrt,3
4601,3wt3,3
4602,3wue,3
4603,3wv3,3
4604,3wvp,3
4605,3wx5,3
4606,3wy4,3
4607,3wz1,3
4608,3x0o,3
4610,3zd9,3
4611,3zez,3
4612,3zfk,3
4613,3zg0,3
4614,3zi6,3
4615,3zkg,3
4616,3zlu,3
4617,3zmr,3
4618,3znz,3
4619,3zq6,3
4620,3zry,3
4621,3zuc,3
4622,3zv9,3
4623,3zvr,3
4624,3zwn,3
4625,3zx2,3
4626,3zye,3
4627,3zz9,3
4628,4a1f,3
4629,4a3o,3
4630,4a4a,3
4631,4a5b,3
4632,4a6o,3
4634,4aa1,3
4635,4ab1,3
4636,4abi,3
4637,4ad1,3
4638,4aee,3
4639,4ag2,3
4640,4ahj,3
4641,4aio,3
4642,4al6,3
4643,4ao1,3
4644,4apj,3
4645,4aqx,3
4646,4arv,3
4647,4atd,3
4648,4auo,3
4649,4awn,3
4650,4axm,3
4651,4ayv,3
4652,4azc,3
4653,4b0r,3
4654,4b20,3
4655,4b3f,3
4656,4b4z,3
4657,4b6f,3
4658,4b7m,3
4659,4b85,3
4660,4bah,3
4661,4bbx,3
4662,4bd9,3
4663,4ben,3
4664,4bin,3
4665,4blm,3
4666,4bnq,3
4667,4bp0,3
4668,4bpz,3
4669,4br5,3
4670,4brk,3
4671,4bs5,3
4672,4btv,3
4673,4bvd,3
4674,4bvv,3
4675,4byf,3
4676,4bzz,3
4677,4c1f,3
4678,4c2e,3
4679,4c2t,3
4680,4c4y,3
4681,4c6f,3
4682,4c6q,3
4683,4c88,3
4684,4cbg,3
4685,4ccc,3
4686,4cdc,3
4687,4cel,3
4688,4cg1,3
4689,4ci9,3
4690,4ckd,3
4691,4cmw,3
4692,4cpk,3
4693,4cpw,3
4694,4cr5,3
4695,4crw,3
4696,4cub,3
4697,4cxu,3
4698,4czv,3
4699,4d18,3
4700,4d3y,3
4701,4d5i,3
4702,4d6g,3
4703,4d76,3
4704,4d8n,3
4705,4day,3
4706,4dcp,3
4707,4ddc,3
4708,4df7,3
4709,4dgz,3
4710,4djj,3
4711,4dkw,3
4712,4dmy,3
4713,4doq,3
4714,4dso,3
4715,4du6,3
4716,4dvg,3
4717,4dxb,3
4718,4e05,3
4719,4e36,3
4720,4e3w,3
4721,4e6i,3
4722,4e9b,3
4723,4eb0,3
4724,4efj,3
4725,4ehl,3
4726,4ekc,3
4727,4elc,3
4728,4ep2,3
4729,4epj,3
4730,4eqh,3
4731,4erc,3
4732,4et0,3
4733,4etn,3
4734,4ewl,3
4735,4ey7,3
4736,4f1w,3
4737,4f3k,3
4738,4f5z,3
4739,4f76,3
4740,4f94,3
4741,4fba,3
4742,4fci,3
4743,4fe3,3
4744,4fgu,3
4745,4fjc,3
4746,4fl4,3
4747,4fm6,3
4748,4fnp,3
4749,4fop,3
4750,4fpc,3
4751,4fpy,3
4752,4fu9,3
4753,4fuk,3
4754,4fw4,3
4755,4fxa,3
4756,4fyh,3
4757,4fzc,3
4758,4g1f,3
4759,4g2w,3
4760,4g4h,3
4761,4g61,3
4762,4g90,3
4763,4gbg,3
4764,4gch,3
4765,4ge2,3
4766,4gfv,3
4767,4gj5,3
4768,4gk7,3
4769,4gly,3
4770,4gn9,3
4771,4gpn,3
4772,4grv,3
4773,4gsz,3
4774,4gvf,3
4775,4gwc,3
4776,4gwy,3
4777,4gy1,3
4778,4gyr,3
4779,4gzi,3
4780,4gzx,3
4781,4h1u,3
4782,4h30,3
4783,4h4a,3
4784,4h77,3
4785,4h7w,3
4786,4h92,3
4787,4h9i,3
4788,4ha4,3
4789,4hd0,3
4790,4he9,3
4791,4hg9,3
4792,4hi3,3
4793,4hky,3
4794,4hmi,3
4795,4hp0,3
4796,4hrf,3
4797,4htk,3
4798,4hue,3
4799,4hva,3
4800,4hx3,3
4801,4hz7,3
4802,4hzy,3
4803,4i15,3
4804,4i5l,3
4805,4i70,3
4806,4i7n,3
4807,4i8h,3
4808,4i9d,3
4809,4ibn,3
4810,4icz,3
4811,4ie3,3
4812,4igd,3
4813,4iik,3
4814,4ik2,3
4815,4ilq,3
4816,4in2,3
4817,4io0,3
4818,4iru,3
4819,4ist,3
4820,4iun,3
4821,4ixv,3
4822,4izw,3
4823,4j3b,3
4824,4j4m,3
4825,4j5q,3
4826,4j65,3
4827,4j7l,3
4828,4jaw,3
4829,4jdg,3
4830,4jf6,3
4831,4jid,3
4832,4jje,3
4833,4jkx,3
4835,4jqg,3
4836,4js5,3
4837,4juq,3
4838,4jy7,3
4839,4jzf,3
4840,4k14,3
4841,4k24,3
4842,4k44,3
4843,4k5o,3
4844,4k6d,3
4845,4k8j,3
4846,4kaf,3
4847,4kc7,3
4848,4ke8,3
4849,4keu,3
4850,4kg3,3
4851,4kh5,3
4852,4kjg,3
4853,4klb,3
4854,4ko8,3
4855,4kqn,3
4856,4ks5,3
4857,4kta,3
4858,4kv8,3
4859,4kxc,3
4860,4ky6,3
4861,4kz6,3
4862,4l15,3
4863,4l4o,3
4864,4l6t,3
4865,4l9w,3
4866,4lcn,3
4867,4len,3
4868,4lgk,3
4869,4lhj,3
4870,4lkq,3
4871,4lmd,3
4872,4lr2,3
4873,4ltc,3
4874,4lvn,3
4875,4lxi,3
4876,4lym,3
4877,4lzm,3
4878,4m1z,3
4879,4m4o,3
4880,4m6d,3
4881,4m9q,3
4882,4mbb,3
4883,4mcq,3
4884,4mdt,3
4885,4mhx,3
4886,4mjv,3
4887,4mnj,3
4888,4moc,3
4889,4mqa,3
4890,4msa,3
4891,4mst,3
4892,4mwo,3
4893,4mwy,3
4894,4myf,3
4895,4mzd,3
4896,4n0e,3
4897,4n1u,3
4898,4n2d,3
4899,4n2r,3
4900,4n5p,3
4901,4n7m,3
4902,4n9n,3
4903,4na7,3
4904,4nbp,3
4905,4ne9,3
4906,4nfv,3
4907,4ngg,3
4908,4ngr,3
4909,4nha,3
4910,4nix,3
4912,4nn9,3
4913,4noj,3
4914,4npv,3
4915,4nrs,3
4916,4nt8,3
4917,4nwg,3
4918,4nyu,3
4919,4nzl,3
4920,4o0h,3
4921,4o2f,3
4922,4o5t,3
4923,4o8z,3
4924,4ob8,3
4925,4obz,3
4926,4ocm,3
4927,4oel,3
4928,4ogc,3
4929,4ohh,3
4930,4oj3,3
4931,4okg,3
4932,4olg,3
4933,4oo8,3
4934,4ooy,3
4935,4opy,3
4936,4oqi,3
4937,4os5,3
4938,4oue,3
4939,4owb,3
4940,4oy3,3
4941,4p0r,3
4942,4p32,3
4943,4p4d,3
4944,4p6e,3
4945,4p8q,3
4946,4pd2,3
4947,4pew,3
4948,4pgf,3
4949,4pis,3
4950,4pkr,3
4951,4pm8,3
4952,4pmx,3
4953,4po1,3
4954,4ppo,3
4955,4pr3,3
4956,4psc,3
4957,4ptw,3
4958,4pv4,3
4959,4px7,3
4960,4pyh,3
4961,4q0r,3
4962,4q1w,3
4963,4q3q,3
4964,4q4g,3
4965,4q7y,3
4966,4q9k,3
4967,4qah,3
4968,4qbb,3
4969,4qd3,3
4970,4qdn,3
4971,4qfw,3
4972,4qgi,3
4973,4qj4,3
4974,4ql3,3
4975,4qlu,3
4976,4qn9,3
4977,4qpe,3
4978,4qsr,3
4979,4qty,3
4980,4que,3
4981,4qux,3
4982,4qv9,3
4983,4qw1,3
4984,4qwk,3
4985,4qxj,3
4986,4qz3,3
4987,4r02,3
4988,4r3d,3
4989,4r5x,3
4990,4r88,3
4991,4r99,3
4992,4ram,3
4993,4rdp,3
4994,4rec,3
4995,4rhj,3
4996,4ri9,3
4997,4rkw,3
4998,4rln,3
4999,4rn7,3
5000,4rpu,3
5001,4rsk,3
5002,4rw1,3
5003,4rxq,3
5004,4ryt,3
5005,4s0w,3
5006,4s2h,3
5007,4s2v,3
5008,4tf4,3
5009,4tmf,3
5010,4tny,3
5011,4tpi,3
5012,4tsr,3
5013,4tu4,3
5014,4tws,3
5015,4tyl,3
5016,4tz5,3
5017,4u1b,3
5018,4u3a,3
5019,4u6b,3
5020,4u75,3
5021,4uaa,3
5022,4ubq,3
5023,4uem,3
5024,4ufg,3
5025,4ufq,3
5026,4uib,3
5027,4umw,3
5028,4uni,3
5029,4uqe,3
5030,4uu0,3
5031,4uwu,3
5032,4v08,3
5033,4v1f,3
5034,4v28,3
5035,4w52,3
5036,4w5c,3
5037,4w79,3
5038,4w8w,3
5039,4wbg,3
5040,4wda,3
5041,4wex,3
5042,4wh9,3
5043,4wk9,3
5044,4wkp,3
5045,4wld,3
5046,4wm4,3
5047,4wmw,3
5048,4wor,3
5049,4wrz,3
5050,4wth,3
5051,4wvp,3
5052,4wwl,3
5053,4wy5,3
5054,4wz6,3
5055,4x1q,3
5056,4x3p,3
5057,4x6o,3
5058,4x8c,3
5059,4xad,3
5060,4xby,3
5061,4xeb,3
5062,4xgl,3
5063,4xik,3
5064,4xjf,3
5065,4xjw,3
5066,4xmm,3
5067,4xn4,3
5068,4xo3,3
5069,4xpr,3
5070,4xr7,3
5071,4xup,3
5072,4xvq,3
5073,4xx3,3
5074,4xzw,3
5075,4y0z,3
5076,4y2s,3
5077,4y38,3
5078,4y3m,3
5079,4y3y,3
5081,4y50,3
5082,4y5e,3
5083,4y6d,3
5084,4y75,3
5085,4y7x,3
5086,4y8h,3
5087,4y8r,3
5088,4ya1,3
5089,4ycl,3
5090,4yds,3
5091,4yfm,3
5092,4yih,3
5093,4ym8,3
5094,4yo9,3
5095,4ypm,3
5096,4yt6,3
5097,4yva,3
5098,4yxc,3
5099,4yz2,3
5100,4z0u,3
5101,4z2k,3
5102,4z4e,3
5103,4z72,3
5104,4z8x,3
5105,4zae,3
5106,4zbz,3
5108,4zfu,3
5109,4zgg,3
5110,4zi5,3
5111,4zjx,3
5112,4zla,3
5113,4zpu,3
5114,4zt8,3
5115,4zvq,3
5116,4zw8,3
5117,4zx4,3
5118,4zxp,3
5119,4zzh,3
5120,5a0p,3
5121,5a2g,3
5122,5a3y,3
5123,5a5n,3
5124,5a63,3
5125,5a6m,3
5126,5a7h,3
5127,5a8d,3
5128,5a91,3
5129,5abg,3
5130,5ae0,3
5131,5af7,3
5132,5ah6,3
5133,5ahx,3
5134,5aih,3
5135,5ak9,3
5136,5akn,3
5137,5alj,3
5138,5alu,3
5139,5am4,3
5140,5anr,3
5141,5ao4,3
5142,5ape,3
5143,5aqj,3
5144,5aqt,3
5145,5arb,3
5146,5avj,3
5147,5avy,3
5148,5aw8,3
5149,5axp,3
5150,5b05,3
5151,5b1u,3
5152,5b2t,3
5153,5b57,3
5154,5b7i,3
5155,5bn3,3
5156,5bou,3
5157,5bqn,3
5158,5bu6,3
5159,5bwc,3
5160,5bx4,3
5161,5bza,3
5162,5c1b,3
5163,5c29,3
5164,5c4h,3
5165,5c6i,3
5166,5c97,3
5167,5cce,3
5168,5cel,3
5169,5cgd,3
5170,5ch5,3
5171,5cik,3
5172,5ckh,3
5173,5cl8,3
5174,5cmx,3
5175,5cqr,3
5176,5cry,3
5177,5ctv,3
5178,5cvk,3
5179,5cw5,3
5180,5cy4,3
5181,5cz9,3
5182,5d0v,3
5183,5d29,3
5184,5d42,3
5185,5d7o,3
5186,5dbj,3
5187,5des,3
5188,5dh5,3
5189,5djj,3
5190,5dl1,3
5191,5dlw,3
5192,5do4,3
5193,5dqt,3
5194,5dro,3
5195,5dt7,3
5196,5dw8,3
5197,5dyt,3
5198,5e0j,3
5199,5e2f,3
5200,5e3c,3
5201,5e5e,3
5202,5e8f,3
5203,5eaw,3
5204,5ecw,3
5205,5edg,3
5206,5ee8,3
5207,5efd,3
5208,5egh,3
5209,5ehr,3
5210,5ekf,3
5211,5eo3,3
5212,5eqo,3
5213,5et7,3
5214,5evi,3
5215,5exm,3
5216,5f0e,3
5217,5f2d,3
5218,5f6c,3
5219,5f98,3
5220,5faq,3
5221,5fbf,3
5222,5fca,3
5223,5fdh,3
5224,5fg7,3
5225,5fhh,3
5226,5fij,3
5227,5fjs,3
5228,5fky,3
5229,5fmg,3
5230,5fo8,3
5231,5fpp,3
5232,5fqc,3
5233,5fsj,3
5234,5ft1,3
5235,5ftm,3
5236,5fwq,3
5237,5g27,3
5238,5gah,3
5239,5ghj,3
5240,5gjq,3
5241,5gla,3
5242,5gnr,3
5243,5goq,3
5244,5gvs,3
5245,5h4f,3
5246,5h9o,3
5247,5hap,3
5248,5hc3,3
5249,5hf6,3
5250,5hgw,3
5251,5hjz,3
5252,5hll,3
5253,5hoh,3
5254,5hqn,3
5255,5hvh,3
5256,5hxv,3
5257,5i14,3
5258,5i3z,3
5259,5i4y,3
5260,5i8p,3
5261,5i9s,3
5262,5ibc,3
5263,5idv,3
5264,5igb,3
5265,5iif,3
5266,5ilw,3
5267,5iob,3
5268,5it4,3
5269,5iwh,3
5270,5j1t,3
5271,5j47,3
5272,5j8n,3
5273,5jao,3
5274,5jbb,3
5275,5jez,3
5276,5jfr,3
5277,5jh3,3
5278,5jif,3
5279,5jk4,3
5280,5jmg,3
5281,5jov,3
5282,5jpi,3
5283,5js3,3
5284,5jtp,3
5285,5jwu,3
5286,5jxj,3
5287,5k1a,3
5288,5k36,3
5289,5k6m,3
5290,5k9g,3
5291,5kas,3
5292,5kgr,3
5293,5kkb,3
5294,5koq,3
5295,5kql,3
5296,5ksp,3
5297,5kxl,3
5298,5kxy,3
5299,5l0q,3
5300,5l50,3
5301,5l5i,3
5302,5l5w,3
5303,5l66,3
5304,5l7f,3
5305,5lb3,3
5306,5ldp,3
5307,5lf3,3
5308,5lif,3
5309,5ln5,3
5310,5lrj,3
5311,5lvg,3
5312,5lyd,3
5313,5lz5,3
5314,5m12,3
5315,5m9c,3
5316,5mae,3
5317,5mcj,3
5318,5mfz,3
5319,5nn9,3
5320,5oyy,3
5321,5oz8,3
5322,5ozi,3
5323,5ozs,3
5324,5p02,3
5325,5p0c,3
5326,5p0m,3
5327,5p0w,3
5328,5p16,3
5329,5p1g,3
5330,5p1q,3
5331,5p20,3
5332,5p2b,3
5333,5p2l,3
5334,5p2v,3
5335,5p35,3
5336,5p3f,3
5337,5p3p,3
5338,5p3z,3
5339,5p49,3
5340,5p4j,3
5341,5p4t,3
5342,5p53,3
5343,5p5d,3
5344,5p5n,3
5345,5p5x,3
5346,5p67,3
5347,5p6h,3
5348,5p6r,3
5349,5p71,3
5350,5p7b,3
5351,5p7l,3
5352,5p7v,3
5353,5p85,3
5354,5p8f,3
5355,5p8p,3
5356,5ptp,3
5357,5sv2,3
5358,5sxn,3
5359,5syr,3
5360,5t07,3
5361,5t41,3
5362,5t66,3
5363,5tc9,3
5364,5tg2,3
5365,5thv,3
5366,5tli,3
5367,5trg,3
5368,5tz3,3
5369,5u30,3
5370,5ucq,3
5371,5wqe,3
5372,6cel,3
5373,6lyz,3
5374,6tmn,3
5375,7lpr,3
5376,7tln,3
5377,8pch,3
5378,9gac,3
5379,1a50,4
5380,1ado,4
5381,1aq2,4
5382,1b0j,4
5383,1b93,4
5384,1bn3,4
5385,1bqg,4
5386,1c4k,4
5387,1cah,4
5388,1cb8,4
5389,1cjv,4
5390,1cnw,4
5391,1cvd,4
5392,1d0m,4
5393,1dbt,4
5394,1dgd,4
5395,1dnp,4
5396,1dub,4
5397,1dzu,4
5398,1e48,4
5399,1e8d,4
5400,1ec9,4
5401,1eix,4
5402,1ewe,4
5403,1f6k,4
5404,1fa5,4
5405,1fhv,4
5406,1fr4,4
5407,1fur,4
5408,1g1d,4
5409,1g57,4
5410,1geq,4
5411,1gtq,4
5412,1gym,4
5413,1h7n,4
5414,1hec,4
5415,1hmw,4
5416,1hv6,4
5417,1i1q,4
5418,1i7m,4
5420,1ibj,4
5421,1idp,4
5422,1igw,4
5423,1iv1,4
5424,1j0m,4
5425,1j5e,4
5426,1jcj,4
5427,1jfg,4
5428,1jpi,4
5429,1jta,4
5430,1k49,4
5431,1k8t,4
5432,1ker,4
5433,1khe,4
5434,1km0,4
5435,1ko0,4
5436,1l2u,4
5437,1lbl,4
5438,1lkc,4
5439,1lw4,4
5440,1m51,4
5441,1mmf,4
5442,1n0i,4
5443,1n67,4
5444,1nal,4
5445,1nrx,4
5446,1o5k,4
5447,1o8k,4
5448,1ojn,4
5449,1one,4
5450,1own,4
5451,1pdz,4
5452,1pmo,4
5453,1pt1,4
5454,1pxz,4
5455,1q6q,4
5456,1qgo,4
5457,1qpb,4
5458,1qus,4
5459,1r0m,4
5460,1r3y,4
5461,1rba,4
5462,1rjn,4
5463,1rs4,4
5464,1rwa,4
5465,1rze,4
5466,1sci,4
5467,1sjd,4
5468,1sq1,4
5469,1t34,4
5470,1te3,4
5471,1thk,4
5472,1tl7,4
5473,1tuw,4
5474,1u3l,4
5475,1ubs,4
5476,1ugp,4
5477,1ujp,4
5478,1usm,4
5479,1v29,4
5480,1vb3,4
5481,1vh8,4
5482,1w1z,4
5483,1w5m,4
5484,1wbj,4
5485,1wdd,4
5486,1x1h,4
5487,1xah,4
5488,1xdl,4
5489,1xfw,4
5490,1xmo,4
5491,1xv2,4
5492,1y60,4
5493,1ydc,4
5494,1yk9,4
5495,1yo2,4
5496,1yyr,4
5497,1zah,4
5498,1zge,4
5499,1zot,4
5500,2a6l,4
5501,2ac2,4
5502,2ahc,4
5503,2aw1,4
5504,2bsp,4
5505,2c1h,4
5506,2c4v,4
5507,2cbd,4
5508,2clo,4
5509,2cz5,4
5510,2d5k,4
5511,2dj5,4
5512,2dw7,4
5513,2e0i,4
5514,2eb6,4
5515,2eu3,4
5516,2f1d,4
5517,2fjt,4
5518,2fnm,4
5519,2fpc,4
5520,2g64,4
5521,2gjw,4
5522,2gn6,4
5523,2gvz,4
5524,2hd6,4
5525,2hl4,4
5526,2hw5,4
5527,2iii,4
5528,2isv,4
5529,2j08,4
5530,2jgy,4
5531,2kqe,4
5532,2nn1,4
5533,2nv1,4
5534,2nxr,4
5535,2o0w,4
5536,2o73,4
5537,2oc5,4
5538,2okk,4
5539,2oqx,4
5540,2p0i,4
5541,2pc9,4
5542,2pkp,4
5543,2pow,4
5544,2psn,4
5545,2pu1,4
5546,2q1f,4
5547,2q5l,4
5548,2qap,4
5549,2qd1,4
5550,2qez,4
5551,2qo8,4
5552,2qzy,4
5553,2rh9,4
5554,2rkx,4
5555,2uua,4
5556,2uya,4
5557,2v0y,4
5558,2v67,4
5559,2v7k,4
5560,2v9d,4
5561,2vbi,4
5562,2vlf,4
5563,2vva,4
5564,2w93,4
5565,2wkj,4
5566,2wq7,4
5567,2x2h,4
5568,2x7u,4
5569,2xh4,4
5570,2xvx,4
5571,2y76,4
5572,2yct,4
5573,2yw0,4
5574,2yyu,4
5575,2z7b,4
5576,2za2,4
5577,2zci,4
5578,2zpi,4
5579,2zz4,4
5580,3a16,4
5581,3a8m,4
5582,3aej,4
5583,3ajv,4
5584,3axk,4
5585,3b29,4
5586,3ban,4
5587,3bh3,4
5588,3boe,4
5589,3c14,4
5590,3c70,4
5591,3clh,4
5592,3czv,4
5593,3d8n,4
5594,3dan,4
5595,3dcs,4
5596,3dft,4
5597,3dqz,4
5598,3dv7,4
5599,3dz6,4
5600,3e31,4
5601,3efi,4
5602,3enl,4
5603,3ep9,4
5604,3ewu,4
5605,3exr,4
5606,3f0p,4
5607,3f7u,4
5608,3fkk,4
5609,3fw3,4
5610,3g1d,4
5611,3g3m,4
5612,3gdl,4
5613,3gma,4
5614,3gwq,4
5615,3h7v,4
5616,3hfp,4
5617,3hku,4
5618,3i47,4
5619,3ibl,4
5620,3ikw,4
5621,3ixl,4
5622,3k14,4
5623,3kb9,4
5624,3kg9,4
5625,3kqf,4
5626,3l14,4
5627,3lcf,4
5628,3lg3,4
5629,3li0,4
5630,3lty,4
5631,3m02,4
5632,3m2x,4
5633,3m5e,4
5634,3m96,4
5635,3mc6,4
5636,3mho,4
5637,3mmf,4
5638,3mof,4
5639,3mwc,4
5640,3n0n,4
5641,3n34,4
5642,3n8k,4
5643,3nfu,4
5644,3noe,4
5645,3nqc,4
5646,3nz1,4
5647,3obk,4
5648,3oil,4
5649,3otr,4
5650,3p0x,4
5651,3p58,4
5652,3pb0,4
5653,3pcv,4
5654,3ptd,4
5655,3q0g,4
5656,3qbe,4
5657,3qm3,4
5658,3qt8,4
5659,3r0z,4
5660,3r6v,4
5661,3rch,4
5662,3rge,4
5663,3rq2,4
5664,3rre,4
5665,3rt7,4
5666,3ru6,4
5667,3rz7,4
5668,3s74,4
5669,3sap,4
5670,3sgu,4
5671,3std,4
5672,3t5u,4
5673,3t89,4
5674,3teo,4
5675,3tu9,4
5676,3u47,4
5677,3uco,4
5678,3uwq,4
5679,3v16,4
5680,3v3g,4
5681,3v7x,4
5682,3vk3,4
5683,3vw9,4
5684,3wgc,4
5685,3wqc,4
5686,3x25,4
5687,3znc,4
5688,4a29,4
5689,4adm,4
5690,4amw,4
5691,4b0i,4
5692,4b5v,4
5693,4baj,4
5694,4bt6,4
5695,4c81,4
5696,4cfo,4
5697,4ckz,4
5698,4clu,4
5699,4cnv,4
5700,4d0q,4
5701,4d9b,4
5702,4dbe,4
5703,4dpw,4
5704,4du7,4
5705,4dv6,4
5706,4e3f,4
5707,4eei,4
5708,4es6,4
5709,4f13,4
5710,4ffi,4
5711,4flc,4
5712,4fu5,4
5713,4g5h,4
5714,4geg,4
5715,4gl1,4
5716,4gnl,4
5717,4guh,4
5718,4hc8,4
5719,4hjw,4
5720,4hpx,4
5721,4i7w,4
5722,4icn,4
5723,4imc,4
5724,4itp,4
5725,4ixz,4
5726,4j7t,4
5727,4ji1,4
5728,4jrz,4
5729,4jub,4
5730,4k0s,4
5731,4k9l,4
5732,4ki7,4
5733,4knj,4
5734,4kuw,4
5735,4kvy,4
5736,4l5w,4
5737,4la5,4
5738,4lf7,4
5739,4lk3,4
5740,4ltz,4
5741,4lz0,4
5742,4m55,4
5743,4mjz,4
5744,4mmh,4
5745,4mtt,4
5746,4mys,4
5747,4neg,4
5748,4nnc,4
5749,4ntn,4
5750,4o8r,4
5751,4ofx,4
5752,4ou1,4
5753,4oyv,4
5754,4p0g,4
5755,4p8e,4
5756,4pgk,4
5757,4pyy,4
5758,4q1j,4
5759,4q7s,4
5760,4q99,4
5761,4qiz,4
5762,4qk3,4
5763,4qys,4
5764,4rc6,4
5765,4rhc,4
5766,4rlw,4
5767,4ruy,4
5768,4s25,4
5769,4tr9,4
5770,4unf,4
5771,4usu,4
5772,4w8i,4
5773,4wou,4
5774,4wsh,4
5775,4x5s,4
5776,4xug,4
5777,4yas,4
5778,4yus,4
5779,4yxi,4
5780,4z06,4
5781,4z5s,4
5782,4zab,4
5783,4zjb,4
5784,4zx0,4
5785,5a5x,4
5786,5amd,4
5787,5b0c,4
5788,5boe,4
5789,5buy,4
5790,5c2x,4
5791,5cgq,4
5792,5cxl,4
5793,5d32,4
5794,5dgd,4
5795,5drh,4
5796,5dsp,4
5797,5dvx,4
5798,5e2m,4
5799,5e9h,4
5800,5ehv,4
5801,5el1,4
5802,5eu9,4
5803,5f3m,4
5804,5faw,4
5805,5fh4,4
5806,5fl5,4
5807,5fnh,4
5808,5g0c,4
5809,5h91,4
5810,5hmq,4
5811,5hv9,4
5812,5ik9,4
5813,5iv3,4
5814,5jdv,4
5815,5jj8,4
5816,5k2z,4
5817,5kmy,4
5818,5lax,4
5819,5lmu,4
5820,5m1c,4
5821,5sz0,4
5822,5t6m,4
5823,5u6z,4
5824,5uh0,4
5825,6std,4
5826,8ca2,4
5827,1a36,5
5828,1am2,5
5829,1awv,5
5830,1bhw,5
5831,1bwz,5
5832,1ca7,5
5833,1cwa,5
5834,1cwo,5
5835,1cyy,5
5836,1dci,5
5837,1dmq,5
5838,1e3b,5
5839,1ei1,5
5840,1eq3,5
5841,1fd9,5
5842,1fkj,5
5843,1fnk,5
5844,1gif,5
5845,1h1z,5
5846,1hxw,5
5847,1i6c,5
5848,1icv,5
5849,1ist,5
5850,1j4h,5
5851,1jep,5
5852,1jpm,5
5853,1k4s,5
5854,1ks2,5
5855,1kvt,5
5856,1ljt,5
5857,1lvh,5
5858,1m7o,5
5859,1mek,5
5860,1mmz,5
5861,1muw,5
5862,1n22,5
5863,1nfz,5
5864,1ns7,5
5865,1nu5,5
5866,1o5x,5
5867,1ogd,5
5868,1oms,5
5869,1ow2,5
5870,1p5g,5
5871,1pjh,5
5872,1q1c,5
5873,1qhf,5
5874,1qxj,5
5875,1r2t,5
5876,1rot,5
5877,1s2v,5
5878,1sft,5
5879,1su5,5
5880,1t5o,5
5881,1tl8,5
5882,1tpw,5
5883,1u0e,5
5884,1udc,5
5885,1v5x,5
5886,1vcf,5
5887,1vio,5
5888,1w0m,5
5889,1w8l,5
5890,1wqa,5
5891,1x84,5
5892,1xib,5
5893,1xin,5
5894,1xli,5
5895,1xql,5
5896,1xyb,5
5897,1yki,5
5898,1yya,5
5899,1z8k,5
5900,1zl3,5
5901,2a0u,5
5902,2agk,5
5903,2awg,5
5904,2bi8,5
5905,2c59,5
5906,2cir,5
5907,2cvp,5
5908,2cz2,5
5909,2dg3,5
5910,2djk,5
5911,2e4j,5
5912,2f6l,5
5913,2fli,5
5914,2fw8,5
5915,2g73,5
5916,2gci,5
5917,2gkj,5
5918,2gzm,5
5919,2h8l,5
5920,2hp1,5
5921,2i22,5
5922,2iam,5
5923,2imf,5
5924,2ixl,5
5925,2jfq,5
5926,2jv4,5
5927,2kgj,5
5928,2lb3,5
5929,2m9j,5
5930,2mph,5
5931,2nre,5
5932,2o19,5
5933,2odo,5
5934,2ohy,5
5935,2opa,5
5936,2p8c,5
5937,2plu,5
5938,2pv3,5
5939,2pzv,5
5940,2qlw,5
5941,2rgr,5
5942,2rs4,5
5943,2uz5,5
5944,2vcq,5
5945,2vel,5
5946,2vkl,5
5947,2vvr,5
5948,2wf8,5
5949,2wsq,5
5950,2x2a,5
5951,2xbl,5
5952,2xij,5
5953,2xp6,5
5954,2y62,5
5955,2yjg,5
5956,2zjt,5
5957,2zrv,5
5958,3a3t,5
5959,3b09,5
5960,3beo,5
5961,3c04,5
5962,3cqi,5
5963,3cyh,5
5964,3dgb,5
5965,3e6e,5
5966,3enw,5
5967,3fj4,5
5968,3fzw,5
5969,3gp3,5
5970,3h1w,5
5971,3hee,5
5972,3hur,5
5973,3idd,5
5974,3iji,5
5975,3inp,5
5976,3itx,5
5977,3jw7,5
5978,3k0r,5
5979,3kab,5
5980,3kbs,5
5981,3kf0,5
5982,3koy,5
5983,3kw3,5
5984,3l5r,5
5985,3l9s,5
5986,3ltn,5
5987,3m0m,5
5988,3m7v,5
5989,3mki,5
5990,3nbu,5
5991,3nuv,5
5992,3o5g,5
5993,3o7t,5
5994,3ors,5
5995,3owu,5
5996,3pgm,5
5997,3psv,5
5998,3q45,5
5999,3qst,5
6000,3r0k,5
6001,3r59,5
6002,3rda,5
6003,3rmi,5
6004,3ru7,5
6005,3s5p,5
6006,3sxw,5
6007,3th6,5
6008,3u18,5
6009,3uf8,5
6010,3ukh,5
6011,3uo0,5
6012,3uva,5
6013,3uxk,5
6014,3vnk,5
6015,3wkg,5
6016,3xim,5
6017,3zo7,5
6018,4a8l,5
6019,4b1f,5
6020,4bhy,5
6021,4bzf,5
6022,4c5s,5
6023,4ckk,5
6024,4d4f,5
6025,4doi,5
6026,4drn,5
6027,4dx3,5
6028,4e77,5
6029,4ejk,5
6030,4emv,5
6031,4ff7,5
6032,4fs9,5
6033,4gde,5
6034,4gji,5
6035,4gru,5
6036,4h6b,5
6037,4how,5
6038,4hy1,5
6039,4ik0,5
6040,4iqc,5
6041,4j4o,5
6042,4jbd,5
6043,4jj9,5
6044,4k4q,5
6045,4kpe,5
6046,4lax,5
6047,4lix,5
6048,4lrc,5
6049,4luy,5
6050,4ml6,5
6051,4n02,5
6052,4n9f,5
6053,4nwo,5
6054,4o53,5
6055,4odn,5
6056,4orw,5
6057,4ozy,5
6058,4pgm,5
6059,4prx,5
6060,4q60,5
6061,4qg5,5
6062,4r1p,5
6063,4rpj,5
6064,4tot,5
6065,4tx0,5
6066,4u8j,5
6067,4url,5
6068,4w4q,5
6069,4wr3,5
6070,4x2r,5
6071,4xkm,5
6072,4y8f,5
6073,4yl1,5
6074,4yug,5
6075,4ywi,5
6076,4z3o,5
6077,4zc8,5
6078,4zrn,5
6079,5ac6,5
6080,5aix,5
6081,5bmn,5
6082,5bqg,5
6083,5bsj,5
6084,5by2,5
6085,5cdn,5
6086,5cjw,5
6087,5css,5
6088,5d6q,5
6089,5div,5
6090,5eqd,5
6091,5f9c,5
6092,5hdm,5
6093,5hvt,5
6094,5i3h,5
6095,5isw,5
6096,5jy4,5
6097,5kuo,5
6098,5kv2,5
6099,5pgm,5
6100,5tl9,5
6101,5xia,5
6102,8cho,5
6103,1a6x,6
6104,1ati,6
6105,1bbw,6
6106,1c30,6
6107,1ch8,6
6108,1d00,6
6109,1dah,6
6110,1dv2,6
6111,1ee1,6
6112,1eud,6
6113,1f7u,6
6114,1fvi,6
6115,1gg4,6
6116,1gsa,6
6117,1h4q,6
6118,1hto,6
6119,1ih8,6
6120,1irx,6
6121,1j4b,6
6122,1jh3,6
6123,1juy,6
6124,1kjx,6
6125,1krs,6
6126,1lb5,6
6127,1lon,6
6128,1mb2,6
6129,1mf0,6
6130,1n2j,6
6131,1nht,6
6132,1nyq,6
6133,1od2,6
6134,1p9b,6
6135,1pys,6
6136,1qmh,6
6137,1r1b,6
6138,1rv1,6
6139,1set,6
6140,1t4a,6
6141,1tk7,6
6142,1tyb,6
6143,1u7x,6
6144,1uhp,6
6145,1uyt,6
6146,1va6,6
6147,1vq3,6
6148,1wgm,6
6149,1wny,6
6150,1wr7,6
6151,1wyd,6
6152,1xdn,6
6153,1y42,6
6154,1yft,6
6155,1ytk,6
6156,1zms,6
6157,2a88,6
6158,2aly,6
6159,2ayv,6
6160,2c00,6
6161,2cgh,6
6162,2cqy,6
6163,2cuz,6
6164,2d3a,6
6165,2d9s,6
6166,2dja,6
6167,2dmf,6
6168,2dr2,6
6169,2dxi,6
6170,2e3c,6
6171,2ecj,6
6172,2ejs,6
6173,2f7f,6
6174,2fpp,6
6175,2gca,6
6176,2gqs,6
6177,2hix,6
6178,2hry,6
6179,2hz7,6
6180,2i8c,6
6181,2j5b,6
6182,2jmd,6
6183,2k28,6
6184,2kq0,6
6185,2l9m,6
6186,2lgg,6
6187,2ltz,6
6188,2lzg,6
6189,2mps,6
6190,2n9p,6
6191,2nvu,6
6192,2op7,6
6193,2p2j,6
6194,2pie,6
6195,2pzb,6
6196,2qk4,6
6197,2qw0,6
6198,2r85,6
6199,2rno,6
6200,2uvl,6
6201,2v9y,6
6202,2vpm,6
6203,2w6m,6
6204,2wfd,6
6205,2x5o,6
6206,2xoz,6
6207,2y66,6
6208,2ysa,6
6209,2ywb,6
6210,2yzm,6
6211,2zdq,6
6212,2znj,6
6213,2zt8,6
6214,3a04,6
6215,3a9u,6
6216,3ask,6
6217,3b7y,6
6218,3bi7,6
6219,3cm7,6
6220,3cw9,6
6221,3dbr,6
6222,3dwh,6
6223,3efs,6
6224,3eyl,6
6225,3ff6,6
6226,3fn1,6
6227,3g98,6
6228,3guz,6
6229,3h97,6
6230,3hgl,6
6231,3htz,6
6232,3hy0,6
6233,3ial,6
6234,3ime,6
6235,3iub,6
6236,3jrx,6
6237,3k0k,6
6238,3kfl,6
6239,3kyc,6
6240,3lax,6
6241,3lnz,6
6242,3m0a,6
6243,3mey,6
6244,3n2y,6
6245,3ng2,6
6246,3nit,6
6247,3o34,6
6248,3oln,6
6249,3p0j,6
6250,3pg6,6
6251,3pxc,6
6252,3q12,6
6253,3qo5,6
6254,3qxj,6
6255,3r9r,6
6256,3rky,6
6257,3sgi,6
6258,3t5a,6
6259,3teh,6
6260,3tug,6
6261,3tw7,6
6262,3u54,6
6263,3ufg,6
6264,3uk2,6
6265,3v4z,6
6266,3vex,6
6267,3vot,6
6268,3vrn,6
6269,3we5,6
6270,3ziu,6
6271,3zvz,6
6272,4aq7,6
6273,4b8e,6
6274,4bub,6
6275,4c5c,6
6276,4c99,6
6277,4cdk,6
6278,4cvk,6
6279,4de5,6
6280,4dth,6
6281,4eb9,6
6282,4eg3,6
6283,4epl,6
6284,4fb8,6
6285,4g5f,6
6286,4gba,6
6287,4gxr,6
6288,4h2y,6
6289,4hnt,6
6290,4hwo,6
6291,4i7b,6
6292,4iok,6
6293,4iz6,6
6294,4j74,6
6295,4jlu,6
6296,4jx4,6
6297,4k7u,6
6298,4kjv,6
6299,4l6e,6
6300,4lh6,6
6301,4lns,6
6302,4m3l,6
6303,4mdq,6
6304,4mue,6
6305,4mv3,6
6306,4mw0,6
6307,4mwd,6
6308,4nd7,6
6309,4o7l,6
6310,4o82,6
6311,4ode,6
6312,4oud,6
6313,4p71,6
6314,4ppe,6
6315,4q2t,6
6316,4qoc,6
6317,4r3z,6
6318,4rof,6
6319,4rrd,6
6320,4rrr,6
6321,4s0l,6
6322,4twa,6
6323,4ucv,6
6324,4w5v,6
6325,4wop,6
6326,4xem,6
6327,4xoo,6
6328,4xu2,6
6329,4yad,6
6330,4ydq,6
6331,4yre,6
6332,4yrp,6
6333,4zaj,6
6334,4zld,6
6335,4zya,6
6336,5a5g,6
6337,5axi,6
6338,5bsu,6
6339,5c1z,6
6340,5c7j,6
6341,5cq2,6
6342,5d8d,6
6343,5e3i,6
6344,5f5w,6
6345,5fg0,6
6346,5fol,6
6347,5h1u,6
6348,5hm3,6
6349,5hvq,6
6350,5ifi,6
6351,5j5a,6
6352,5k3q,6
6353,5l9w,6
6354,5t5s,6
6355,5tv6,6
